ID_DEPARTAMENTO	NOMBRE_DEPARTAMENTO	ID_MUNICIPIO	NOMBRE_MUNICIPIO	LONGITUD	LATITUD
91	AMAZONAS	91263	EL ENCANTO	-73.2126948733056	-1.7441641850768
91	AMAZONAS	91405	LA CHORRERA	-72.7926372269725	-1.4407741512441
91	AMAZONAS	91407	LA PEDRERA	-69.5819252742248	-1.3195236967018
91	AMAZONAS	91430	LA VICTORIA	-69.9557830000000	-4.1451610000000
91	AMAZONAS	91001	LETICIA	-69.9490276188486	-4.2003009825338
91	AMAZONAS	91460	MIRITI - PARANA	-69.8879010000000	-1.2058940000000
91	AMAZONAS	91530	PUERTO ALEGRIA	-74.0177201941395	-1.0025721503111
91	AMAZONAS	91536	PUERTO ARICA	-71.7580646374568	-2.1466229274226
91	AMAZONAS	91540	PUERTO NARIÑO	-70.3599459679591	-3.7869892629626
91	AMAZONAS	91669	PUERTO SANTANDER	-72.3866966590873	-0.6193760078248
91	AMAZONAS	91798	TARAPACA	-69.7451385977507	-2.8884476798293
5	ANTIOQUIA	5002	ABEJORRAL	-75.4321919718869	5.7920744148008
5	ANTIOQUIA	5004	ABRIAQUI	-76.0680796193048	6.6365772278851
5	ANTIOQUIA	5021	ALEJANDRIA	-75.1449141960419	6.3785947593283
5	ANTIOQUIA	5030	AMAGAl	-75.7051050584146	6.0392901384255
5	ANTIOQUIA	5031	AMALFI	-75.0769833031030	6.9098274476672
5	ANTIOQUIA	5034	ANDESl	-75.8828429077997	5.6598275688792
5	ANTIOQUIA	5036	ANGELOPOLIS	-75.7146717120694	6.1160458025954
5	ANTIOQUIA	5038	ANGOSTURA	-75.3388134402050	6.8877989702286
5	ANTIOQUIA	5040	ANORI	-75.1502583679200	7.0785799617424
5	ANTIOQUIA	5044	ANZA	-75.8569839658054	6.3053661712241
5	ANTIOQUIA	5045	APARTADO	-76.6290804670069	7.8847397049224
5	ANTIOQUIA	5051	ARBOLETES	-76.4301470990604	8.8531529720329
5	ANTIOQUIA	5055	ARGELIA	-75.1456610715548	5.7337209139172
5	ANTIOQUIA	5059	ARMENIA	-75.7904103126573	6.1589995211527
5	ANTIOQUIA	5079	BARBOSA	-75.3352243271176	6.4414225116999
5	ANTIOQUIA	5088	BELLO	-75.5558377861076	6.3357082051590
5	ANTIOQUIA	5086	BELMIRA	-75.6700432786121	6.6082681123338
5	ANTIOQUIA	5091	BETANIA	-75.9819196854260	5.7494312618110
5	ANTIOQUIA	5093	BETULIA	-75.9874976217412	6.1118803342793
5	ANTIOQUIA	5107	BRICEÑO	-75.5541046740402	7.1153025337188
5	ANTIOQUIA	5113	BURITICA	-75.9102064899044	6.7235648810559
5	ANTIOQUIA	5120	CACERES	-75.3528456580229	7.5815528174933
5	ANTIOQUIA	5125	CAICEDO	-75.9872947204573	6.4082454836789
5	ANTIOQUIA	5129	CALDAS	-75.6399250169166	6.0950077679195
5	ANTIOQUIA	5134	CAMPAMENTO	-75.3005394484927	6.9821450887913
5	ANTIOQUIA	5138	CAÑASGORDAS	-76.0295226173516	6.7547984906358
5	ANTIOQUIA	5142	CARACOLI	-74.7608701384954	6.4126769086386
5	ANTIOQUIA	5145	CARAMANTA	-75.6477699291994	5.5515361489193
5	ANTIOQUIA	5147	CAREPA	-76.6588838057627	7.7581505677506
5	ANTIOQUIA	5150	CAROLINA	-75.2857991397967	6.7274733563182
5	ANTIOQUIA	5154	CAUCASIA	-75.2010976472861	7.9813995531303
5	ANTIOQUIA	5172	CHIGORODO	-76.6798438982595	7.6689832870121
5	ANTIOQUIA	5190	CISNEROS	-75.0905211508788	6.5410637920608
5	ANTIOQUIA	5101	CIUDAD BOLIVAR	-76.0259303244040	5.8537387711049
5	ANTIOQUIA	5197	COCORNA	-75.1889955858874	6.0603179103644
5	ANTIOQUIA	5206	CONCEPCION	-75.2607827383614	6.3970043946310
5	ANTIOQUIA	5209	CONCORDIA	-75.9107781425906	6.0485818971162
5	ANTIOQUIA	5212	COPACABANA	-75.5062939449539	6.3606269601419
5	ANTIOQUIA	5234	DABEIBA	-76.2663372825546	7.0028181413279
5	ANTIOQUIA	5237	DON MATIAS	-75.3975802371758	6.4886316829493
5	ANTIOQUIA	5240	EBEJICO	-75.7707259091316	6.3298838688288
5	ANTIOQUIA	5250	EL BAGRE	-74.8093748450603	7.6023393934722
5	ANTIOQUIA	5148	EL CARMEN DE VIBORAL	-75.3390152619284	6.0867661682862
5	ANTIOQUIA	5697	EL SANTUARIO	-75.2672701819413	6.1404670351787
5	ANTIOQUIA	5264	ENTRERRIOS	-75.5200531860125	6.5690749289457
5	ANTIOQUIA	5266	ENVIGADO	-75.5868222197539	6.1692597085190
5	ANTIOQUIA	5282	FREDONIA	-75.6749946184879	5.9295188394801
5	ANTIOQUIA	5284	FRONTINO	-76.1340752608074	6.7792064558174
5	ANTIOQUIA	5306	GIRALDO	-75.9548905517687	6.6824217263191
5	ANTIOQUIA	5308	GIRARDOTA	-75.4479675669066	6.3804664306962
5	ANTIOQUIA	5310	GOMEZ PLATA	-75.2242867304701	6.6856041075980
5	ANTIOQUIA	5313	GRANADA	-75.1866512499030	6.1425781126586
5	ANTIOQUIA	5315	GUADALUPE	-75.2438464245736	6.8169389863152
5	ANTIOQUIA	5318	GUARNE	-75.4461603066925	6.2783414015496
5	ANTIOQUIA	5321	GUATAPE	-75.1618833095047	6.2348546937899
5	ANTIOQUIA	5347	HELICONIA	-75.7373336951780	6.2104620362701
5	ANTIOQUIA	5353	HISPANIA	-75.9104961560242	5.8020577585684
5	ANTIOQUIA	5360	ITAGUI	-75.6151758697073	6.1785319620004
5	ANTIOQUIA	5361	ITUANGO	-75.7682142446459	7.1750168336638
5	ANTIOQUIA	5364	JARDIN	-75.8222576653688	5.6003834832740
5	ANTIOQUIA	5368	JERICO	-75.7886773463197	5.7941209801262
5	ANTIOQUIA	5376	LA CEJA	-75.4336262871520	6.0310267953016
5	ANTIOQUIA	5380	LA ESTRELLA	-75.6402746744330	6.1480360319804
5	ANTIOQUIA	5390	LA PINTADA	-75.6086898959345	5.7495053746374
5	ANTIOQUIA	5400	LA UNION	-75.3639610892766	5.9771590445343
5	ANTIOQUIA	5411	LIBORINA	-75.8155109115047	6.6806166765733
5	ANTIOQUIA	5425	MACEO	-74.7910665997599	6.5548673914473
5	ANTIOQUIA	5440	MARINILLA	-75.3411797490414	6.1759004221691
5	ANTIOQUIA	5001	MEDELLIN	-75.5791131176392	6.2517921276513
5	ANTIOQUIA	5467	MONTEBELLO	-75.5271317145085	5.9493709058788
5	ANTIOQUIA	5475	MURINDO	-76.8233318159482	6.9797472252847
5	ANTIOQUIA	5480	MUTATA	-76.4398898367459	7.2468714017016
5	ANTIOQUIA	5483	NARIÑO	-75.1783118171216	5.6138066825950
5	ANTIOQUIA	5495	NECHI	-74.7801984667394	8.0908773038429
5	ANTIOQUIA	5490	NECOCLI	-76.7883125340092	8.4285715900395
5	ANTIOQUIA	5501	OLAYA	-75.8159727948516	6.6303453037334
5	ANTIOQUIA	5541	PEÑOLl	-75.2159170307148	6.2245979968602
5	ANTIOQUIA	5543	PEQUE	-75.9116909365311	7.0246210997266
5	ANTIOQUIA	5576	PUEBLORRICO	-75.8423119016606	5.7965942295251
5	ANTIOQUIA	5579	PUERTO BERRIO	-74.4096788067393	6.4883526693225
5	ANTIOQUIA	5585	PUERTO NARE	-74.5867184374131	6.1895024732998
5	ANTIOQUIA	5591	PUERTO TRIUNFO	-74.6421615901429	5.8872773545203
5	ANTIOQUIA	5604	REMEDIOS	-74.6953439257393	7.0308056909648
5	ANTIOQUIA	5607	RETIRO	-75.5053665795776	6.0637151781494
5	ANTIOQUIA	5615	RIONEGRO	-75.3794825321085	6.1491174312417
5	ANTIOQUIA	5628	SABANALARGA	-75.8175432664051	6.8563366751187
5	ANTIOQUIA	5631	SABANETA	-75.6187243931183	6.1550454808505
5	ANTIOQUIA	5642	SALGAR	-75.9798178914204	5.9664260181333
5	ANTIOQUIA	5647	SAN ANDRES	-75.6790272477674	6.9163679245841
5	ANTIOQUIA	5649	SAN CARLOS	-74.9967905437133	6.1907853025140
5	ANTIOQUIA	5652	SAN FRANCISCO	-75.1054025620280	5.9665054842177
5	ANTIOQUIA	5656	SAN JERONIMOcl	-75.7309828601768	6.4454462852939
5	ANTIOQUIA	5658	SAN JOSE DE LA MONTAÑA	-75.6874703848371	6.8525350333731
5	ANTIOQUIA	5659	SAN JUAN DE URABA	-76.5310152664939	8.7628760098966
5	ANTIOQUIA	5660	SAN LUIS	-74.9977937425493	6.0456737577441
5	ANTIOQUIA	5664	SAN PEDRO	-75.5641641872163	6.4639847236473
5	ANTIOQUIA	5665	SAN PEDRO DE URABA	-76.3832572497856	8.2792451935865
5	ANTIOQUIA	5667	SAN RAFAEL	-75.0312989199697	6.2965802641559
5	ANTIOQUIA	5670	SAN ROQUE	-75.0229162804076	6.4884950152815
5	ANTIOQUIA	5674	SAN VICENTE	-75.3360320111486	6.2885228847781
5	ANTIOQUIA	5679	SANTA BARBARA	-75.5700230814694	5.8770788847882
5	ANTIOQUIA	5686	SANTA ROSA DE OSOS	-75.4640157859690	6.6452220593559
5	ANTIOQUIA	5042	SANTAFE DE ANTIOQUIA	-75.8301733363077	6.5619461238027
5	ANTIOQUIA	5690	SANTO DOMINGO	-75.1687919623661	6.4753178140964
5	ANTIOQUIA	5736	SEGOVIA	-74.7027112688494	7.0827300068988
5	ANTIOQUIA	5756	SONSON	-75.3135977929114	5.7153359931465
5	ANTIOQUIA	5761	SOPETRAN	-75.7494816180367	6.5044812075365
5	ANTIOQUIA	5789	TAMESIS	-75.7173488570793	5.6680805309530
5	ANTIOQUIA	5790	TARAZA	-75.4033647649312	7.5851758650834
5	ANTIOQUIA	5792	TARSO	-75.8258972760576	5.8680328616809
5	ANTIOQUIA	5809	TITIRIBI	-75.7927899441515	6.0668156998837
5	ANTIOQUIA	5819	TOLEDO	-75.6955523146121	7.0131302661542
5	ANTIOQUIA	5837	TURBOl	-76.7351634531578	8.0927526752798
5	ANTIOQUIA	5842	URAMITA	-76.1764632030661	6.9016212338485
5	ANTIOQUIA	5847	URRAO	-76.1354540045779	6.3165357806997
5	ANTIOQUIA	5854	VALDIVIA	-75.4430926810291	7.1659110090667
5	ANTIOQUIA	5856	VALPARAISO	-75.6280682401777	5.6182131511068
5	ANTIOQUIA	5858	VEGACHI	-74.8007458079127	6.7744115241658
5	ANTIOQUIA	5861	VENECIA	-75.7387202345899	5.9672358399062
5	ANTIOQUIA	5873	VIGIA DEL FUERTE	-76.8996818520200	6.5915771235662
5	ANTIOQUIA	5885	YALI	-74.8450806169314	6.6716653959585
5	ANTIOQUIA	5887	YARUMAL	-75.4218820974458	6.9669889918175
5	ANTIOQUIA	5890	YOLOMBO	-75.0178361201507	6.5977914017626
5	ANTIOQUIA	5893	YONDO	-73.9138612413906	7.0055398166234
5	ANTIOQUIA	5895	ZARAGOZA	-74.8713772790978	7.4909491613035
81	ARAUCA	81001	ARAUCA	-70.7596724381482	7.0828315726799
81	ARAUCA	81065	ARAUQUITA	-71.4322038513670	7.0325122702100
81	ARAUCA	81220	CRAVO NORTE	-70.2071157105813	6.3063046490020
81	ARAUCA	81300	FORTUL	-71.7752329549598	6.7970136796924
81	ARAUCA	81591	PUERTO RONDON	-71.1053492293517	6.2839826989963
81	ARAUCA	81736	SARAVENA	-71.8775821305091	6.9559736325295
81	ARAUCA	81794	TAME	-71.7456745706463	6.4599085066764
8	ATLANTICO	8078	BARANOA	-74.9186286566978	10.7963783914472
8	ATLANTICO	8001	BARRANQUILLA	-74.8082471562508	10.9806201057184
8	ATLANTICO	8137	CAMPO DE LA CRUZ	-74.8848419045770	10.3829353973537
8	ATLANTICO	8141	CANDELARIA	-74.8837523530625	10.4624240101382
8	ATLANTICO	8296	GALAPA	-74.8893967498850	10.8996304419755
8	ATLANTICO	8372	JUAN DE ACOSTA	-75.0381339521815	10.8319607679771
8	ATLANTICO	8421	LURUACO	-75.1461756978284	10.6131804120598
8	ATLANTICO	8433	MALAMBO	-74.7756985623010	10.8587105552841
8	ATLANTICO	8436	MANATI	-74.9631023317031	10.4515831592744
8	ATLANTICO	8520	PALMAR DE VARELA	-74.7565651802686	10.7435950500499
8	ATLANTICO	8549	PIOJO	-75.1115905012672	10.7511142501024
8	ATLANTICO	8558	POLONUEVO	-74.8571694218657	10.7805548003988
8	ATLANTICO	8560	PONEDERA	-74.7558805588808	10.6446655539410
8	ATLANTICO	8573	PUERTO COLOMBIA	-74.9536737186063	11.0005027450315
8	ATLANTICO	8606	REPELON	-75.1279807587520	10.4975047507436
8	ATLANTICO	8634	SABANAGRANDE	-74.7577256812419	10.7917875207894
8	ATLANTICO	8638	SABANALARGA	-74.9189905629651	10.6338070190973
8	ATLANTICO	8675	SANTA LUCIA	-74.9645085200111	10.3272119476139
8	ATLANTICO	8685	SANTO TOMAS	-74.7598093150295	10.7634945773607
8	ATLANTICO	8758	SOLEDAD	-74.7857683646233	10.9136668371492
8	ATLANTICO	8770	SUAN	-74.8836481130041	10.3362331790235
8	ATLANTICO	8832	TUBARA	-74.9813753325547	10.8768481847341
8	ATLANTICO	8849	USIACURI	-74.9800596865686	10.7452011065966
11	BOGOTA D.C.	11001	BOGOTA	-74.1500078483236	4.5108076813538
13	BOLIVAR	13006	ACHI	-74.5588295336796	8.5708225162020
13	BOLIVAR	13030	ALTOS DEL ROSARIO	-74.1673227220108	8.7949465848657
13	BOLIVAR	13042	ARENAL	-73.9464366460482	8.4614703662233
13	BOLIVAR	13052	ARJONA	-75.3509485448764	10.2557608957465
13	BOLIVAR	13062	ARROYOHONDO	-75.0234377241400	10.2586066496741
13	BOLIVAR	13074	BARRANCO DE LOBA	-74.1104995376781	8.9507239293001
13	BOLIVAR	13140	CALAMAR	-74.9183521506301	10.2527474423645
13	BOLIVAR	13160	CANTAGALLO	-73.9210218979685	7.3831896955807
13	BOLIVAR	13001	CARTAGENA	-75.5064014806372	10.4026567775483
13	BOLIVAR	13188	CICUCO	-74.6472833251912	9.2796692079420
13	BOLIVAR	13222	CLEMENCIA	-75.3282648816684	10.5705753630810
13	BOLIVAR	13212	CORDOBA	-74.8303736140777	9.5894946160145
13	BOLIVAR	13244	EL CARMEN DE BOLIVAR	-75.1251524771874	9.7201211646071
13	BOLIVAR	13248	EL GUAMO	-74.9788647069710	10.0340371699615
13	BOLIVAR	13268	EL PEÑON	-73.9533112651733	8.9923357976085
13	BOLIVAR	13300	HATILLO DE LOBA	-74.0808308769023	8.9590205652387
13	BOLIVAR	13430	MAGANGUE	-74.7609405214996	9.2437444261372
13	BOLIVAR	13433	MAHATES	-75.1934922888375	10.2370500321980
13	BOLIVAR	13440	MARGARITA	-74.2919039740474	9.1650155855457
13	BOLIVAR	13442	MARIA LA BAJA	-75.3054341080842	9.9867674483872
13	BOLIVAR	13468	MOMPOS	-74.4285024321491	9.2428123552276
13	BOLIVAR	13458	MONTECRISTO	-74.4773232706568	8.2984281411340
13	BOLIVAR	13473	MORALES	-73.8719193812422	8.2778740017183
13	BOLIVAR	13490	NOROSI	-74.0368730000000	8.5303510000000
13	BOLIVAR	13549	PINILLOS	-74.4657358006366	8.9178145158710
13	BOLIVAR	13580	REGIDOR	-73.8259021370481	8.6678997519697
13	BOLIVAR	13600	RIO VIEJO	-73.8430781981851	8.5908126682944
13	BOLIVAR	13620	SAN CRISTOBAL	-75.0682306941245	10.3971948661572
13	BOLIVAR	13647	SAN ESTANISLAO	-75.1543560504349	10.4011166407590
13	BOLIVAR	13650	SAN FERNANDO	-74.3327715667801	9.2195975166550
13	BOLIVAR	13654	SAN JACINTO	-75.1252791008911	9.8323954469021
13	BOLIVAR	13655	SAN JACINTO DEL CAUCA	-74.7257228303436	8.2524705015933
13	BOLIVAR	13657	SAN JUAN NEPOMUCENO	-75.0874400191642	9.9539273494860
13	BOLIVAR	13667	SAN MARTIN DE LOBA	-74.0413317433037	8.9441442027403
13	BOLIVAR	13670	SAN PABLO	-73.9275384450700	7.4806349281107
13	BOLIVAR	13673	SANTA CATALINA	-75.2914717994210	10.6071995382732
13	BOLIVAR	13683	SANTA ROSA	-75.3725771195049	10.4480932057749
13	BOLIVAR	13688	SANTA ROSA DEL SUR	-74.0540727221287	7.9663352602962
13	BOLIVAR	13744	SIMITI	-73.9495331549076	7.9602506564739
13	BOLIVAR	13760	SOPLAVIENTO	-75.1396945177091	10.3932421389079
15	BOYACA	15814	TOCA	-73.1879636564547	5.5680570374729
15	BOYACA	15816	TOGUI	-73.5168682343363	5.9406196362106
15	BOYACA	15820	TOPAGA	-72.8356268935457	5.7717320354647
15	BOYACA	15822	TOTA	-72.9896740986505	5.5632729768114
15	BOYACA	15001	TUNJA	-73.3594854881217	5.5449819595203
15	BOYACA	15832	TUNUNGUA	-73.9365002032963	5.7332655939731
15	BOYACA	15835	TURMEQUE	-73.4948583083843	5.3260666362509
15	BOYACA	15837	TUTA	-73.2317447329766	5.6929748231746
15	BOYACA	15839	TUTAZA	-72.8598420639533	6.0353050182305
15	BOYACA	15842	UMBITA	-73.4603573751721	5.2204901311768
15	BOYACA	15861	VENTAQUEMADA	-73.5239547738036	5.3717932689292
15	BOYACA	15407	VILLA DE LEYVA	-73.5301073773394	5.6394584992925
15	BOYACA	15879	VIRACACHA	-73.3001552212138	5.4397410300678
15	BOYACA	15897	ZETAQUIRA	-73.1748084831324	5.2865472958726
17	CALDAS	17013	AGUADAS	-75.4581222179096	5.6133951786164
17	CALDAS	17042	ANSERMA	-75.7861242788791	5.2410300330175
17	CALDAS	17050	ARANZAZU	-75.4940695921018	5.2741599640402
17	CALDAS	17088	BELALCAZAR	-75.8085072700102	4.9965508557164
17	CALDAS	17174	CHINCHINA	-75.6111655140545	4.9873124150769
17	CALDAS	17272	FILADELFIA	-75.5655655519057	5.3003038296444
17	CALDAS	17380	LA DORADA	-74.6756457684313	5.4729925395403
17	CALDAS	17388	LA MERCED	-75.5498669833573	5.4003257886095
17	CALDAS	17001	MANIZALES	-75.4945165815131	5.0630350055043
68	SANTANDER	68235	EL CARMEN DE CHUCURI	-73.5150122266665	6.7015234984346
68	SANTANDER	68245	EL GUACAMAYO	-73.5005076171359	6.2481890816485
68	SANTANDER	68250	EL PEÑON	-73.8177941957916	6.0594530737815
68	SANTANDER	68255	EL PLAYON	-73.2067676539211	7.4737164631185
68	SANTANDER	68264	ENCINO	-73.1028673722200	6.1411726752918
68	SANTANDER	68266	ENCISO	-72.7034756416030	6.6725916092646
68	SANTANDER	68271	FLORIAN	-73.9743776274174	5.8062512259329
68	SANTANDER	68276	FLORIDABLANCA	-73.1019507804007	7.0764348858834
68	SANTANDER	68296	GALANl	-73.2913983382524	6.6417624019115
68	SANTANDER	68298	GAMBITA	-73.3474144047956	5.9485145901578
68	SANTANDER	68307	GIRON	-73.1709935598458	7.0762816739208
68	SANTANDER	68318	GUACA	-72.8592291702255	6.8789100999542
68	SANTANDER	68320	GUADALUPE	-73.4224089523083	6.2490010001761
68	SANTANDER	68322	GUAPOTA	-73.3242802957452	6.3107655252365
68	SANTANDER	68324	GUAVATA	-73.7039863386419	5.9580693792965
68	SANTANDER	68327	GUEPSA	-73.5775404657659	6.0281002166605
68	SANTANDER	68344	HATO	-73.3117471794497	6.5466835621092
68	SANTANDER	68368	JESUS MARIA	-73.7862060551287	5.8793958509237
68	SANTANDER	68370	JORDAN	-73.0994752921114	6.7352310756778
68	SANTANDER	68377	LA BELLEZA	-73.9683476764575	5.8619587682849
68	SANTANDER	68397	LA PAZ	-73.5930208015190	6.1814291950086
68	SANTANDER	68385	LANDAZURI	-73.8125656348634	6.2222460085857
68	SANTANDER	68406	LEBRIJA	-73.2240002858255	7.1171793831105
73	TOLIMA	73461	MURILLO	-75.1741377024394	4.8774413163179
73	TOLIMA	73483	NATAGAIMA	-75.0964353991428	3.6270238333627
73	TOLIMA	73504	ORTEGA	-75.2240812030016	3.9381375029789
73	TOLIMA	73520	PALOCABILDO	-75.0267365235484	5.1233008026761
73	TOLIMA	73547	PIEDRAS	-74.8822639799045	4.5458214273401
73	TOLIMA	73555	PLANADAS	-75.6470561348866	3.1998672986236
73	TOLIMA	73563	PRADO	-74.9312224284227	3.7534138776294
73	TOLIMA	73585	PURIFICACION	-74.9342020270469	3.8610604999095
73	TOLIMA	73616	RIOBLANCO	-75.6479735471852	3.5330575506454
73	TOLIMA	73622	RONCESVALLES	-75.6094512676989	4.0140644057121
73	TOLIMA	73624	ROVIRA	-75.2437553081685	4.2422277559588
73	TOLIMA	73671	SALDAÑA	-75.0204612999047	3.9318736444264
73	TOLIMA	73675	SAN ANTONIO	-75.4826220224861	3.9171296940008
73	TOLIMA	73678	SAN LUIS	-75.0984966951009	4.1359866700168
73	TOLIMA	73686	SANTA ISABEL	-75.1011257443098	4.7170005002298
73	TOLIMA	73770	SUAREZ	-74.8352893199025	4.0503741451791
73	TOLIMA	73854	VALLE DE SAN JUAN	-75.1192229853988	4.2004189141476
73	TOLIMA	73861	VENADILLO	-74.9326172831612	4.7197627206259
73	TOLIMA	73870	VILLAHERMOSA	-75.1208485187302	5.0330895664668
73	TOLIMA	73873	VILLARRICA	-74.6043025350724	3.9395852043989
76	VALLE DEL CAUCA	76020	ALCALA	-75.7854867294604	4.6771277579296
76	VALLE DEL CAUCA	76036	ANDALUCIA	-76.1686504875690	4.1755248431994
76	VALLE DEL CAUCA	76041	ANSERMANUEVO	-75.9960114719697	4.7972552165806
13	BOLIVAR	13780	TALAIGUA NUEVO	-74.5705861859044	9.3056478902275
13	BOLIVAR	13810	TIQUISIO	-74.2689791151896	8.5586551564539
13	BOLIVAR	13836	TURBACO	-75.4162420383018	10.3350066444360
13	BOLIVAR	13838	TURBANA	-75.4451903749716	10.2764681723943
13	BOLIVAR	13873	VILLANUEVA	-75.2787547008175	10.4471533955205
13	BOLIVAR	13894	ZAMBRANO	-74.8219680807719	9.7494294346231
15	BOYACA	15022	ALMEIDA	-73.3821193628971	4.9733875866558
15	BOYACA	15047	AQUITANIA	-72.8875171786303	5.5212969584566
15	BOYACA	15051	ARCABUCO	-73.4405621384406	5.7574056943719
15	BOYACA	15087	BELENl	-72.9151665441596	5.9922974600142
15	BOYACA	15090	BERBEO	-73.1302591207445	5.2298070300943
15	BOYACA	15092	BETEITIVA	-72.8124878509193	5.9133447843567
15	BOYACA	15097	BOAVITA	-72.5882584104317	6.3334838899333
15	BOYACA	15104	BOYACA	-73.3655036470178	5.4574126159581
15	BOYACA	15106	BRICEÑO	-73.9267686349290	5.6930219341140
15	BOYACA	15109	BUENAVISTA	-73.9460160772346	5.5157063316589
15	BOYACA	15114	BUSBANZA	-72.8874842077758	5.8330512962592
15	BOYACA	15131	CALDAS	-73.8687755993799	5.5573269849462
15	BOYACA	15135	CAMPOHERMOSO	-73.1073682841791	5.0332713930945
15	BOYACA	15162	CERINZA	-72.9513424417760	5.9587170740389
15	BOYACA	15172	CHINAVITA	-73.3721054575613	5.1702751768724
15	BOYACA	15176	CHIQUINQUIRA	-73.8210855830492	5.6183602786099
15	BOYACA	15232	CHIQUIZA	-73.4883536428060	5.6081751751539
15	BOYACA	15180	CHISCAS	-72.5036305484390	6.5558729488941
15	BOYACA	15183	CHITA	-72.4747563093906	6.1900970636557
15	BOYACA	15185	CHITARAQUE	-73.4503738361915	6.0308143194917
15	BOYACA	15187	CHIVATA	-73.2860461443103	5.5613756239842
15	BOYACA	15236	CHIVOR	-73.3717599676087	4.8908834273447
15	BOYACA	15189	CIENEGA	-73.2991717739650	5.4122538262799
15	BOYACA	15204	COMBITA	-73.3272043605414	5.6371920076147
15	BOYACA	15212	COPERl	-74.0484960927953	5.4782503711696
15	BOYACA	15215	CORRALES	-72.8479356706862	5.8314587296122
15	BOYACA	15218	COVARACHIA	-72.7424870445895	6.5031339956403
15	BOYACA	15223	CUBARA	-72.1118114645061	7.0045762937423
15	BOYACA	15224	CUCAITA	-73.4582159895553	5.5459605376743
15	BOYACA	15226	CUITIVA	-72.9696134176647	5.5831201497147
15	BOYACA	15238	DUITAMA	-73.0336559183398	5.8255267543430
15	BOYACA	15244	EL COCUY	-72.4485537579654	6.4119735615385
15	BOYACA	15248	EL ESPINO	-72.4998096186639	6.4854690212758
15	BOYACA	15272	FIRAVITOBA	-72.9971987436103	5.6719171474622
15	BOYACA	15276	FLORESTA	-72.9219542065276	5.8624175900184
15	BOYACA	15293	GACHANTIVA	-73.5526610912078	5.7548770519106
15	BOYACA	15296	GAMEZA	-72.8090322116307	5.8052352238831
15	BOYACA	15299	GARAGOA	-73.3683017251485	5.0851627379006
15	BOYACA	15317	GUACAMAYAS	-72.5042207783226	6.4625419152370
15	BOYACA	15322	GUATEQUE	-73.4754120819661	5.0099567448933
15	BOYACA	15325	GUAYATA	-73.4934899313991	4.9702594654745
15	BOYACA	15332	GUICAN	-72.4155577651617	6.4657923884612
15	BOYACA	15362	IZA	-72.9838080645188	5.6167897369206
15	BOYACA	15367	JENESANO	-73.3673914553870	5.3877827371270
15	BOYACA	15368	JERICO	-72.5739912035649	6.1488632962503
15	BOYACA	15380	LA CAPILLA	-73.4482876717770	5.0982347849907
15	BOYACA	15403	LA UVITA	-72.5631040299102	6.3198161930202
15	BOYACA	15401	LA VICTORIA	-74.2380578455886	5.5263762883724
15	BOYACA	15377	LABRANZAGRANDE	-72.5817376345192	5.5654995481286
15	BOYACA	15425	MACANAL	-73.3230729535795	4.9751173313594
15	BOYACA	15442	MARIPI	-74.0080359680131	5.5525256076767
15	BOYACA	15455	MIRAFLORES	-73.1474310004941	5.1992031880490
15	BOYACA	15464	MONGUA	-72.8036714658617	5.7557594665132
15	BOYACA	15466	MONGUI	-72.8525504224387	5.7266081804621
15	BOYACA	15469	MONIQUIRA	-73.5775663656648	5.8794896066687
15	BOYACA	15476	MOTAVITA	-73.3711353798037	5.5804014746660
15	BOYACA	15480	MUZO	-74.1063691571521	5.5348376665265
15	BOYACA	15491	NOBSA	-72.9412852075851	5.7716895521156
15	BOYACA	15494	NUEVO COLON	-73.4606560181635	5.3578108720535
15	BOYACA	15500	OICATA	-73.3115950407618	5.5972737847469
15	BOYACA	15507	OTANCHE	-74.1847400175155	5.6608129461832
15	BOYACA	15511	PACHAVITA	-73.4007987495887	5.1429005570212
15	BOYACA	15514	PAEZ	-73.0556179809782	5.1034642532383
15	BOYACA	15516	PAIPA	-73.1199165750775	5.7831960821608
15	BOYACA	15518	PAJARITO	-72.7061617040260	5.2958260475221
15	BOYACA	15522	PANQUEBA	-72.4626177774386	6.4461582521111
15	BOYACA	15531	PAUNA	-73.9820443362967	5.6593945231301
15	BOYACA	15533	PAYA	-72.4256814694803	5.6290779795555
15	BOYACA	15537	PAZ DE RIO	-72.7519382312472	5.9901805151915
15	BOYACA	15542	PESCA	-73.0544273054548	5.5614550215729
15	BOYACA	15550	PISBA	-72.4878415679699	5.7255980205572
15	BOYACA	15572	PUERTO BOYACA	-74.5850760604110	5.9778391697078
15	BOYACA	15580	QUIPAMA	-74.1846633808041	5.5258083014742
15	BOYACA	15599	RAMIRIQUI	-73.3392652597568	5.4041513667601
15	BOYACA	15600	RAQUIRA	-73.6356505907322	5.5417481338209
15	BOYACA	15621	RONDON	-73.2117385363120	5.3598644671849
15	BOYACA	15632	SABOYA	-73.7678984830190	5.7010062793278
15	BOYACA	15638	SACHICA	-73.5459055591961	5.5859060436660
15	BOYACA	15646	SAMACA	-73.4897287620872	5.4955311901766
15	BOYACA	15660	SAN EDUARDO	-73.0806385268231	5.2271821312407
15	BOYACA	15664	SAN JOSE DE PARE	-73.5505669058528	6.0223515162299
15	BOYACA	15667	SAN LUIS DE GACENO	-73.1726172550844	4.8222724725076
15	BOYACA	15673	SAN MATEO	-72.5584130181545	6.4046861171397
15	BOYACA	15676	SAN MIGUEL DE SEMA	-73.7254931502742	5.5205999927177
15	BOYACA	15681	SAN PABLO DE BORBUR	-74.0700529655638	5.6618755185032
15	BOYACA	15690	SANTA MARIA	-73.2663544765318	4.8617448459090
15	BOYACA	15693	SANTA ROSA DE VITERBO	-72.9859606535182	5.8775211084839
15	BOYACA	15696	SANTA SOFIA	-73.6055272511685	5.7169526496921
15	BOYACA	15686	SANTANA	-73.4856023414037	6.0603279610335
15	BOYACA	15720	SATIVANORTE	-72.7116557537655	6.1342349355098
15	BOYACA	15723	SATIVASUR	-72.7156243409830	6.0963967515745
15	BOYACA	15740	SIACHOQUE	-73.2482251536375	5.5141966385289
15	BOYACA	15753	SOATA	-72.6865623673116	6.3361510150700
15	BOYACA	15757	SOCHA	-72.6949053463744	5.9998348982991
15	BOYACA	15755	SOCOTA	-72.6400519085665	6.0440867113588
15	BOYACA	15759	SOGAMOSO	-72.9272747810169	5.7295281548731
15	BOYACA	15761	SOMONDOCO	-73.4364862629552	4.9888694772902
15	BOYACA	15762	SORA	-73.4533571799651	5.5696925290530
15	BOYACA	15764	SORACA	-73.3363064758716	5.5039715242321
15	BOYACA	15763	SOTAQUIRA	-73.2507057875265	5.7680256471168
15	BOYACA	15774	SUSACON	-72.6931252786695	6.2338162464385
15	BOYACA	15776	SUTAMARCHAN	-73.6240782904700	5.6228029661801
15	BOYACA	15778	SUTATENZA	-73.4555977945122	5.0260567862335
15	BOYACA	15790	TASCO	-72.7847013441601	5.9128238084415
15	BOYACA	15798	TENZA	-73.4251843492067	5.0799764500719
15	BOYACA	15804	TIBANA	-73.4002198436959	5.3190431250506
15	BOYACA	15806	TIBASOSA	-73.0032702133143	5.7501561818549
15	BOYACA	15808	TINJACA	-73.6506585474725	5.5819186875515
15	BOYACA	15810	TIPACOQUE	-72.6957440840811	6.4224975505163
17	CALDAS	17433	MANZANARES	-75.1566362949499	5.2577467927789
17	CALDAS	17442	MARMATO	-75.6038153928252	5.4775844123341
17	CALDAS	17444	MARQUETALIA	-75.0560864994937	5.3018993086103
17	CALDAS	17446	MARULANDA	-75.2632694291884	5.2870950903062
17	CALDAS	17486	NEIRA	-75.5232930360901	5.1692372873003
17	CALDAS	17495	NORCASIA	-74.8921240369759	5.5784070851969
17	CALDAS	17513	PACORA	-75.4631983608679	5.5316213661971
17	CALDAS	17524	PALESTINA	-75.6245615830840	5.0220038901021
17	CALDAS	17541	PENSILVANIA	-75.1656285408831	5.3849468619599
17	CALDAS	17614	RIOSUCIO	-75.7056615755350	5.4268222155416
17	CALDAS	17616	RISARALDA	-75.7712112830774	5.1665263902001
17	CALDAS	17653	SALAMINA	-75.4907636291422	5.4075186190661
17	CALDAS	17662	SAMANA	-74.9953056524172	5.4156543507203
17	CALDAS	17665	SAN JOSE	-75.7953233378860	5.0838639757399
17	CALDAS	17777	SUPIA	-75.6527772553832	5.4486179898980
17	CALDAS	17867	VICTORIA	-74.9148852210835	5.3201411937498
17	CALDAS	17873	VILLAMARIA	-75.5068255335144	5.0429950684369
17	CALDAS	17877	VITERBO	-75.8743397954768	5.0664012464928
18	CAQUETA	18029	ALBANIA	-75.8819480373569	1.3318729494587
18	CAQUETA	18094	BELEN DE LOS ANDAQUIES	-75.8747936931497	1.4231041044791
18	CAQUETA	18150	CARTAGENA DEL CHAIRA	-74.8479587466737	1.3371721653059
18	CAQUETA	18205	CURILLO	-75.9236504291075	1.0365037065184
18	CAQUETA	18247	EL DONCELLO	-75.2861502818613	1.6818896204312
18	CAQUETA	18256	EL PAUJIL	-75.3294126511845	1.5737194107870
18	CAQUETA	18001	FLORENCIA	-75.6108619573965	1.6192117260642
18	CAQUETA	18410	LA MONTAÑITA	-75.4394565222032	1.4911625479583
18	CAQUETA	18460	MILAN	-75.5108402019658	1.2934809225722
18	CAQUETA	18479	MORELIA	-75.7277232173173	1.4893921211871
18	CAQUETA	18592	PUERTO RICO	-75.1597388115506	1.9138522525214
18	CAQUETA	18610	SAN JOSE DEL FRAGUA	-75.9769498892371	1.3345701623637
18	CAQUETA	18753	SAN VICENTE DEL CAGUAN	-74.7752923736950	2.1162212884224
18	CAQUETA	18756	SOLANO	-75.2566751933440	0.7020040427391
18	CAQUETA	18785	SOLITA	-75.6234428782198	0.8752452435627
18	CAQUETA	18860	VALPARAISO	-75.7093157156853	1.1989930892074
85	CASANARE	85010	AGUAZUL	-72.5558270208894	5.1728502190450
85	CASANARE	85015	CHAMEZA	-72.8735580660771	5.2163198241078
85	CASANARE	85125	HATO COROZAL	-71.7669534110197	6.1597393677143
85	CASANARE	85136	LA SALINA	-72.3376544624960	6.1308590765394
85	CASANARE	85139	MANI	-72.2843764361254	4.8203608117052
85	CASANARE	85162	MONTERREY	-72.8992953194529	4.8802958416574
85	CASANARE	85225	NUNCHIA	-72.1984189962776	5.6406790139174
85	CASANARE	85230	OROCUE	-71.3446212583534	4.7925252035965
85	CASANARE	85250	PAZ DE ARIPORO	-71.8966363640547	5.8840491477250
85	CASANARE	85263	PORE	-71.9963239510791	5.7303224835347
85	CASANARE	85279	RECETOR	-72.7643235421234	5.2323064290446
85	CASANARE	85300	SABANALARGA	-73.0425558955993	4.8562871519039
85	CASANARE	85315	SACAMA	-72.2515974625574	6.1014154802478
85	CASANARE	85325	SAN LUIS DE PALENQUE	-71.7345005429675	5.4248173885489
85	CASANARE	85400	TAMARA	-72.1664613769286	5.8327021700667
85	CASANARE	85410	TAURAMENA	-72.7541649476135	5.0162644978751
85	CASANARE	85430	TRINIDAD	-71.6651929628320	5.4107207525176
85	CASANARE	85440	VILLANUEVA	-72.9305580231086	4.6141316655406
85	CASANARE	85001	YOPAL	-72.3984676897348	5.3362264237874
19	CAUCA	19022	ALMAGUER	-76.8581597102247	1.9171352414730
19	CAUCA	19050	ARGELIA	-77.2522926702996	2.2584003373414
19	CAUCA	19075	BALBOA	-77.2200947561678	2.0436362405051
19	CAUCA	19100	BOLIVAR	-76.9699934729205	1.8404154817449
19	CAUCA	19110	BUENOS AIRES	-76.6460706515503	3.0180814099382
19	CAUCA	19130	CAJIBIO	-76.5738382044810	2.6255407447741
19	CAUCA	19137	CALDONO	-76.4879228099105	2.8003196082871
19	CAUCA	19142	CALOTO	-76.4114540845526	3.0356916538292
19	CAUCA	19212	CORINTO	-76.2624714570460	3.1768010287310
19	CAUCA	19256	EL TAMBO	-76.8140367234064	2.4550636426874
19	CAUCA	19290	FLORENCIA	-77.0759878461759	1.6858914417351
19	CAUCA	19300	GUACHENE	-76.3833329999999	3.1333330000000
19	CAUCA	19318	GUAPI	-77.8888686450965	2.5735482864328
19	CAUCA	19355	INZA	-76.0684937378482	2.5515632120627
19	CAUCA	19364	JAMBALO	-76.3277078881759	2.7805367361781
19	CAUCA	19392	LA SIERRA	-76.7663851789244	2.1815476589796
19	CAUCA	19397	LA VEGA	-76.7830991707115	2.0057603022640
19	CAUCA	19418	LOPEZ DE MICAY	-77.2514711782706	2.8486909180054
19	CAUCA	19450	MERCADERES	-77.1680721723724	1.8000227083331
19	CAUCA	19455	MIRANDA	-76.2328351288626	3.2544508671944
19	CAUCA	19473	MORALES	-76.6311816257816	2.7568786208975
19	CAUCA	19513	PADILLA	-76.3171100725977	3.2262693797539
19	CAUCA	19517	PAEZ	-75.9742580000000	2.6753070000000
19	CAUCA	19532	PATIA	-77.0564186443449	2.0720743313803
19	CAUCA	19533	PIAMONTE	-76.3174140000000	1.0658170000000
19	CAUCA	19548	PIENDAMO	-76.5333618735794	2.6425391675209
19	CAUCA	19001	POPAYAN	-76.6012521003419	2.4603731036209
19	CAUCA	19573	PUERTO TEJADA	-76.4189035985461	3.2238144377591
19	CAUCA	19585	PURACE	-76.4584417740273	2.3839614256301
19	CAUCA	19622	ROSASl	-76.7435064807709	2.2638466065533
19	CAUCA	19693	SAN SEBASTIAN	-76.7730773677452	1.8415282129279
19	CAUCA	19701	SANTA ROSA	-76.5770795105985	1.7058738511855
19	CAUCA	19698	SANTANDER DE QUILICHAO	-76.4876416501448	3.0145817611423
19	CAUCA	19743	SILVIA	-76.3817506640558	2.6143994105264
19	CAUCA	19760	SOTARA	-76.6172573491253	2.2581104467070
19	CAUCA	19780	SUAREZ	-76.6983003898372	2.9573207518738
19	CAUCA	19785	SUCRE	-76.9166670000000	2.0333330000000
19	CAUCA	19807	TIMBIO	-76.6864770144309	2.3533689817147
19	CAUCA	19809	TIMBIQUI	-77.6714634106082	2.7801229312416
19	CAUCA	19821	TORIBIO	-76.2733560416594	2.9574548599913
19	CAUCA	19824	TOTORO	-76.4048556409443	2.5130650533810
19	CAUCA	19845	VILLA RICA	-76.4651356261201	3.1786187619120
20	CESAR	20011	AGUACHICA	-73.6148732758363	8.3105390652527
20	CESAR	20013	AGUSTIN CODAZZI	-73.2412222658406	10.0387282215404
20	CESAR	20032	ASTREA	-73.9790806875371	9.4990264124250
20	CESAR	20045	BECERRIL	-73.2828783748965	9.7062353751319
20	CESAR	20060	BOSCONIA	-73.8915619450137	9.9766454644469
20	CESAR	20175	CHIMICHAGUA	-73.8161427433101	9.2604652362126
20	CESAR	20178	CHIRIGUANA	-73.6043572963638	9.3645619534133
20	CESAR	20228	CURUMANI	-73.5463459450512	9.2039583677267
20	CESAR	20238	EL COPEY	-73.9645236715360	10.1520212064989
20	CESAR	20250	EL PASO	-73.7505571807741	9.6643109175807
20	CESAR	20295	GAMARRA	-73.7461392398245	8.3247166296401
20	CESAR	20310	GONZALEZ	-73.3839022375557	8.3929648877043
20	CESAR	20383	LA GLORIA	-73.8051731154677	8.6209871781820
20	CESAR	20400	LA JAGUA DE IBIRICO	-73.3387785938543	9.5646483833302
20	CESAR	20621	LA PAZ	-73.8491666666666	10.3844444444444
20	CESAR	20443	MANAURE	-73.0325000000000	10.3927777777777
20	CESAR	20517	PAILITAS	-73.6288421278350	8.9609469882253
20	CESAR	20550	PELAYA	-73.6689776560465	8.6909152843598
20	CESAR	20570	PUEBLO BELLO	-73.5895150509399	10.4206176266384
20	CESAR	20614	RIO DE ORO	-73.3898048342136	8.2951438276462
20	CESAR	20710	SAN ALBERTO	-73.3967376935714	7.7639303097246
20	CESAR	20750	SAN DIEGO	-73.1841738145775	10.3364617209653
20	CESAR	20770	SAN MARTIN	-73.5158886018554	8.0066885947920
20	CESAR	20787	TAMALAMEQUE	-73.8151014102792	8.8646914305152
20	CESAR	20001	VALLEDUPAR	-73.2586645186182	10.4691348860356
27	CHOCO	27006	ACANDI	-77.2819557285769	8.5136986953153
27	CHOCO	27025	ALTO BAUDO	-76.9779611535085	5.5189343527164
27	CHOCO	27050	ATRATO	-76.6511553520539	5.5542522829904
27	CHOCO	27073	BAGADO	-76.4193038859979	5.4145204072179
27	CHOCO	27075	BAHIA SOLANO	-77.4308724685302	6.1072087831386
27	CHOCO	27077	BAJO BAUDO	-77.4239319881188	5.4492133688404
27	CHOCO	27086	BELEN DE BAJIRA	-76.7147000000000	7.3725640000000
27	CHOCO	27099	BOJAYA	-76.9757699549145	6.5240026322975
27	CHOCO	27150	CARMEN DEL DARIEN	-76.9643140000000	7.0379170000000
27	CHOCO	27160	CERTEGUI	-76.6000010000000	5.4000160000000
27	CHOCO	27205	CONDOTO	-76.6534138019316	5.0944977083095
27	CHOCO	27135	EL CANTON DEL SAN PABLO	-76.7333310000000	5.3333990000000
27	CHOCO	27245	EL CARMEN DE ATRATO	-76.1454452497541	5.9028118172567
27	CHOCO	27250	EL LITORAL DEL SAN JUAN	-77.0115515015543	4.3468086102721
27	CHOCO	27361	ISTMINA	-76.6899908357147	5.1595051499198
27	CHOCO	27372	JURADO	-77.7657547443621	7.1056921200878
27	CHOCO	27413	LLORO	-76.5458646764223	5.5027637674915
27	CHOCO	27425	MEDIO ATRATO	-76.8115383817592	5.8949673647325
27	CHOCO	27430	MEDIO BAUDO	-77.0555050606018	5.0536358520903
27	CHOCO	27450	MEDIO SAN JUAN	-76.6832990000000	5.1000060000000
27	CHOCO	27491	NOVITA	-76.6104024834630	4.9589028374124
27	CHOCO	27495	NUQUI	-77.2698983335349	5.7119936053698
27	CHOCO	27001	QUIBDO	-76.6570061107496	5.6917144604844
27	CHOCO	27580	RIO IRO	-76.6666430000000	5.0999820000000
27	CHOCO	27600	RIO QUITO	-76.7510037542038	5.6275243215457
27	CHOCO	27615	RIOSUCIO	-77.1160944903954	7.4392089454912
27	CHOCO	27660	SAN JOSE DEL PALMAR	-76.2376397953285	4.8990315964748
27	CHOCO	27745	SIPI	-76.6474087949527	4.6560335310183
27	CHOCO	27787	TADO	-76.5622612282098	5.2672742293928
27	CHOCO	27800	UNGUIA	-77.0975784442856	8.0488062818870
27	CHOCO	27810	UNION PANAMERICANA	-76.6326831835868	5.2841276811310
23	CORDOBA	23068	AYAPEL	-75.1504048261573	8.3139233617898
23	CORDOBA	23079	BUENAVISTA	-75.4853772746282	8.2250708693279
23	CORDOBA	23090	CANALETE	-76.2441285970290	8.7903845989180
23	CORDOBA	23162	CERETE	-75.7956260222654	8.8880138660819
23	CORDOBA	23168	CHIMA	-75.6320266417240	9.1521542544494
23	CORDOBA	23182	CHINU	-75.4035962095734	9.1088408182581
23	CORDOBA	23189	CIENAGA DE ORO	-75.6254609364866	8.8805542094053
23	CORDOBA	23300	COTORRA	-75.7943446500523	9.0417491366849
23	CORDOBA	23350	LA APARTADA	-75.3383942384550	8.0509563164159
23	CORDOBA	23417	LORICA	-75.8211835056432	9.2423743093444
23	CORDOBA	23419	LOS CORDOBAS	-76.3580514496306	8.9085223652160
23	CORDOBA	23464	MOMIL	-75.6798493151406	9.2428257480896
23	CORDOBA	23500	MOÑITOS	-76.1349719649328	9.2488165190702
23	CORDOBA	23466	MONTELIBANO	-75.4218632712637	7.9807087137904
23	CORDOBA	23001	MONTERIA	-75.8823757512072	8.7590823242317
23	CORDOBA	23555	PLANETA RICA	-75.5874325582356	8.4104682311746
23	CORDOBA	23570	PUEBLO NUEVO	-75.5115555656136	8.5054337279981
23	CORDOBA	23574	PUERTO ESCONDIDO	-76.2648081902413	9.0064459588273
23	CORDOBA	23580	PUERTO LIBERTADOR	-75.6753938863249	7.8920641474845
23	CORDOBA	23586	PURISIMA	-75.7259090347551	9.2406904715702
23	CORDOBA	23660	SAHAGUN	-75.4488820884379	8.9465337842167
23	CORDOBA	23670	SAN ANDRES SOTAVENTO	-75.5125685583225	9.1479980362119
23	CORDOBA	23672	SAN ANTERO	-75.7627738741662	9.3760361193841
23	CORDOBA	23675	SAN BERNARDO DEL VIENTO	-75.9568310260747	9.3560264387198
23	CORDOBA	23678	SAN CARLOS	-75.7024897601953	8.8017262781194
23	CORDOBA	23682	SAN JOSE DE URE	-75.5336920000000	7.7869390000000
23	CORDOBA	23686	SAN PELAYO	-75.8388322492406	8.9609028135389
23	CORDOBA	23807	TIERRALTA	-76.0635393740925	8.1747066417841
23	CORDOBA	23815	TUCHIN	-75.5535700000000	9.1870910000000
23	CORDOBA	23855	VALENCIA	-76.1532742995509	8.2600399342408
25	CUNDINAMARCA	25001	AGUA DE DIOS	-74.6718480049594	4.3795145567109
25	CUNDINAMARCA	25019	ALBANl	-74.4418476636398	4.8809046092695
25	CUNDINAMARCA	25035	ANAPOIMA	-74.5341769869694	4.5668210190469
25	CUNDINAMARCA	25040	ANOLAIMA	-74.4669574408674	4.7649142464204
25	CUNDINAMARCA	25599	APULO	-74.5972210974782	4.5233903899902
25	CUNDINAMARCA	25053	ARBELAEZ	-74.4180756485328	4.2753514167505
25	CUNDINAMARCA	25086	BELTRAN	-74.7441666369236	4.8035889668262
25	CUNDINAMARCA	25095	BITUIMA	-74.5429457151891	4.8753906277386
25	CUNDINAMARCA	25099	BOJACA	-74.3477067595427	4.7400697589872
25	CUNDINAMARCA	25120	CABRERA	-74.4876919384106	3.9877310536102
25	CUNDINAMARCA	25123	CACHIPAY	-74.4393498119327	4.7338084374419
25	CUNDINAMARCA	25126	CAJICA	-74.0276880501587	4.9230300164903
25	CUNDINAMARCA	25148	CAPARRAPI	-74.4948316812598	5.3496984647441
25	CUNDINAMARCA	25151	CAQUEZA	-73.9504204910462	4.4068420611155
25	CUNDINAMARCA	25154	CARMEN DE CARUPA	-73.9047736170130	5.3520636314048
25	CUNDINAMARCA	25168	CHAGUANI	-74.5971837037151	4.9520974217921
25	CUNDINAMARCA	25175	CHIA	-74.0556145659861	4.8665300956830
25	CUNDINAMARCA	25178	CHIPAQUE	-74.0477690080427	4.4450580600282
25	CUNDINAMARCA	25181	CHOACHI	-73.9260873002928	4.5312413208149
25	CUNDINAMARCA	25183	CHOCONTA	-73.6873787558600	5.1487853308555
25	CUNDINAMARCA	25200	COGUAl	-73.9812615864836	5.0644924902573
25	CUNDINAMARCA	25214	COTA	-74.1059136482473	4.8120131622930
25	CUNDINAMARCA	25224	CUCUNUBA	-73.7703188884794	5.2531209262880
25	CUNDINAMARCA	25245	EL COLEGIO	-74.4467508254983	4.5823862311073
25	CUNDINAMARCA	25258	EL PEÑON	-74.2937866105102	5.2516124690290
25	CUNDINAMARCA	25260	EL ROSAL	-74.2670201728267	4.8551077493077
25	CUNDINAMARCA	25269	FACATATIVA	-74.3486692185318	4.8111109292729
25	CUNDINAMARCA	25279	FOMEQUE	-73.8970717401266	4.4886797759422
25	CUNDINAMARCA	25281	FOSCA	-73.9425897178498	4.3420736008777
25	CUNDINAMARCA	25286	FUNZA	-74.2096307094862	4.7163957151757
25	CUNDINAMARCA	25288	FUQUENE	-73.7991882705443	5.4068695583417
25	CUNDINAMARCA	25290	FUSAGASUGA	-74.3762802802492	4.3404152438158
25	CUNDINAMARCA	25293	GACHALA	-73.5237249969923	4.6959988598855
25	CUNDINAMARCA	25295	GACHANCIPA	-73.8755313725479	4.9948738613664
25	CUNDINAMARCA	25297	GACHETA	-73.6404686393931	4.8200736433820
25	CUNDINAMARCA	25299	GAMA	-73.6142259636023	4.7655267392051
25	CUNDINAMARCA	25307	GIRARDOT	-74.7991983405459	4.3118650549421
25	CUNDINAMARCA	25312	GRANADA	-74.3542548297098	4.5219362470065
25	CUNDINAMARCA	25317	GUACHETA	-73.6897083903639	5.3861810886475
25	CUNDINAMARCA	25320	GUADUAS	-74.6069289497502	5.0745284070842
25	CUNDINAMARCA	25322	GUASCA	-73.8818178167772	4.8693981050199
25	CUNDINAMARCA	25324	GUATAQUI	-74.7933876622750	4.5210439392967
25	CUNDINAMARCA	25326	GUATAVITA	-73.8370802672704	4.9378239831588
25	CUNDINAMARCA	25328	GUAYABAL DE SIQUIMA	-74.4709640374109	4.8811081748186
25	CUNDINAMARCA	25335	GUAYABETAL	-73.8206792961988	4.2207745765775
25	CUNDINAMARCA	25339	GUTIERREZ	-74.0064728373063	4.2581837244249
25	CUNDINAMARCA	25368	JERUSALEN	-74.6976702909935	4.5653496364036
25	CUNDINAMARCA	25372	JUNINl	-73.6664445218965	4.7935944187394
25	CUNDINAMARCA	25377	LA CALERA	-73.9720642511804	4.7245020489761
25	CUNDINAMARCA	25386	LA MESA	-74.4594258539591	4.6368815807043
25	CUNDINAMARCA	25394	LA PALMA	-74.3943255647057	5.3617770578672
25	CUNDINAMARCA	25398	LA PEÑA	-74.3973918619141	5.2018207255241
25	CUNDINAMARCA	25402	LA VEGA	-74.3397820040166	4.9979439822522
25	CUNDINAMARCA	25407	LENGUAZAQUE	-73.7150034345197	5.3093362453460
25	CUNDINAMARCA	25426	MACHETA	-73.6106866536067	5.0834106226592
25	CUNDINAMARCA	25430	MADRID	-74.2696853676314	4.7351350337474
25	CUNDINAMARCA	25436	MANTA	-73.5443746450147	5.0119542347283
25	CUNDINAMARCA	25438	MEDINA	-73.3538729451866	4.5109458444659
25	CUNDINAMARCA	25473	MOSQUERA	-74.2188508019571	4.7089490890272
25	CUNDINAMARCA	25483	NARIÑO	-74.8319478595575	4.4007784293023
25	CUNDINAMARCA	25486	NEMOCON	-73.8820988684708	5.0704397544644
25	CUNDINAMARCA	25488	NILO	-74.6231535913069	4.3094377984654
25	CUNDINAMARCA	25489	NIMAIMA	-74.3900125549921	5.1284051937750
25	CUNDINAMARCA	25491	NOCAIMA	-74.3823845909921	5.0723766523912
25	CUNDINAMARCA	25513	PACHO	-74.1614499683680	5.1348139261540
25	CUNDINAMARCA	25518	PAIME	-74.1562316482306	5.3736447189125
25	CUNDINAMARCA	25524	PANDI	-74.4901282816312	4.1936918618336
25	CUNDINAMARCA	25530	PARATEBUENO	-73.2161732141232	4.3785462716642
25	CUNDINAMARCA	25535	PASCA	-74.3057325671669	4.3116290448076
25	CUNDINAMARCA	25572	PUERTO SALGAR	-74.6584140820768	5.4676366951534
25	CUNDINAMARCA	25580	PULI	-74.7176023186293	4.6847501136838
25	CUNDINAMARCA	25592	QUEBRADANEGRA	-74.4827415506266	5.1207633732950
25	CUNDINAMARCA	25594	QUETAME	-73.8664769027371	4.3327225833565
25	CUNDINAMARCA	25596	QUIPILE	-74.5368589179535	4.7478393349196
25	CUNDINAMARCA	25612	RICAURTE	-74.7766074244096	4.2851640263899
25	CUNDINAMARCA	25645	SAN ANTONIO  DEL TEQUENDAMA	-74.3554378766651	4.6188780754213
25	CUNDINAMARCA	25649	SAN BERNARDO	-74.4263844372748	4.1820550319579
25	CUNDINAMARCA	25653	SAN CAYETANO	-74.0731331556383	5.3040945219350
25	CUNDINAMARCA	25658	SAN FRANCISCO	-74.2934325030571	4.9768068421940
25	CUNDINAMARCA	25662	SAN JUAN DE RIO SECO	-74.6250380587033	4.8498474541952
25	CUNDINAMARCA	25718	SASAIMA	-74.4369921040533	4.9656900859236
25	CUNDINAMARCA	25736	SESQUILE	-73.8003955494836	5.0479382760593
25	CUNDINAMARCA	25740	SIBATE	-74.2631636058021	4.4906458473123
25	CUNDINAMARCA	25743	SILVANIA	-74.4027728808144	4.3906131130424
25	CUNDINAMARCA	25745	SIMIJACA	-73.8557279755848	5.5061776028743
25	CUNDINAMARCA	25754	SOACHA	-74.2157707369358	4.5806862467742
25	CUNDINAMARCA	25758	SOPO	-73.9436197807684	4.9117764728138
25	CUNDINAMARCA	25769	SUBACHOQUE	-74.1760055884144	4.9318953109244
25	CUNDINAMARCA	25772	SUESCA	-73.8018292382498	5.1065940525229
25	CUNDINAMARCA	25777	SUPATA	-74.2393768877766	5.0647880661717
25	CUNDINAMARCA	25779	SUSA	-73.8176908124028	5.4573239933808
25	CUNDINAMARCA	25781	SUTATAUSA	-73.8564578339889	5.2501852466476
25	CUNDINAMARCA	25785	TABIO	-74.1004609625189	4.9200287478865
25	CUNDINAMARCA	25793	TAUSA	-73.8901700653564	5.1988992018718
25	CUNDINAMARCA	25797	TENA	-74.3927413116517	4.6583163674329
25	CUNDINAMARCA	25799	TENJO	-74.1493422517370	4.8747507672354
25	CUNDINAMARCA	25805	TIBACUY	-74.4561182900402	4.3506261033475
25	CUNDINAMARCA	25807	TIBIRITA	-73.5081272037148	5.0553044224717
25	CUNDINAMARCA	25815	TOCAIMA	-74.6401201909033	4.4632717474424
25	CUNDINAMARCA	25817	TOCANCIPA	-73.9154235792852	4.9686063108575
25	CUNDINAMARCA	25823	TOPAIPI	-74.3052166106923	5.3385177957860
25	CUNDINAMARCA	25839	UBALA	-73.5353140423734	4.7499710087712
25	CUNDINAMARCA	25890	UBALA	-72.5369444444444	4.7477777777777
25	CUNDINAMARCA	25841	UBAQUE	-73.9376397258575	4.4867936405923
25	CUNDINAMARCA	25845	UNE	-74.0287436008415	4.4054073875537
25	CUNDINAMARCA	25851	UTICA	-74.4847214150091	5.1908026979355
25	CUNDINAMARCA	25506	VENECIA	-74.4778500000000	4.0893333333333
25	CUNDINAMARCA	25862	VERGARA	-74.3487544549414	5.1213785005881
25	CUNDINAMARCA	25867	VIANI	-74.5633288471573	4.8781073596637
25	CUNDINAMARCA	25843	VILLA DE SAN DIEGO DE UBATE	-73.8191976736555	5.3111527869628
25	CUNDINAMARCA	25871	VILLAGOMEZ	-74.1985893523937	5.2760084270696
25	CUNDINAMARCA	25873	VILLAPINZON	-73.6000437123727	5.2176381697844
25	CUNDINAMARCA	25875	VILLETA	-74.4768630535374	5.0109389183969
25	CUNDINAMARCA	25878	VIOTA	-74.5267487773485	4.4415367283198
25	CUNDINAMARCA	25885	YACOPI	-74.3417962716300	5.4626019437198
25	CUNDINAMARCA	25898	ZIPACON	-74.3833605256752	4.7626123489660
25	CUNDINAMARCA	25899	ZIPAQUIRA	-73.9965025170061	5.0260319361327
94	GUAINIA	94343	BARRANCO MINAS	-69.8185967676740	3.4972720917981
94	GUAINIA	94886	CACAHUAL	-67.4161438761459	3.5290520855997
94	GUAINIA	94001	INIRIDA	-67.9274444016196	3.8708471304458
94	GUAINIA	94885	LA GUADALUPE	-66.8642750000000	1.2461100000000
94	GUAINIA	94663	MAPIRIPANA	-68.0561111111111	2.6272222222222
94	GUAINIA	94888	MORICHAL	-69.9457190000000	2.2370560000000
94	GUAINIA	94887	PANA PANA	-69.0047890000000	1.8408020000000
94	GUAINIA	94884	PUERTO COLOMBIA	-67.5658333333333	2.7219444444444
94	GUAINIA	94883	SAN FELIPE	-67.0831302219761	1.9014708756814
95	GUAVIARE	95015	CALAMAR	-72.6583897241222	1.9614982769329
95	GUAVIARE	95025	EL RETORNO	-72.6314052709896	2.3337084054592
95	GUAVIARE	95200	MIRAFLORES	-71.9547081722024	1.3397123078001
95	GUAVIARE	95001	SAN JOSE DEL GUAVIARE	-72.6423949373165	2.5712067127150
41	HUILA	41006	ACEVEDO	-75.8917195372948	1.8083645826582
41	HUILA	41013	AGRADO	-75.7755623014915	2.2628620804600
41	HUILA	41016	AIPE	-75.2433297556805	3.2252099092132
41	HUILA	41020	ALGECIRAS	-75.3190545712896	2.5254389318135
41	HUILA	41026	ALTAMIRA	-75.7913951901860	2.0667914820473
41	HUILA	41078	BARAYA	-75.0577140815307	3.1554941912232
41	HUILA	41132	CAMPOALEGRE	-75.3296859040294	2.6879613085532
41	HUILA	41206	COLOMBIA	-74.8060495352485	3.3795512387166
41	HUILA	41244	ELIAS	-75.9406483738631	2.0161163934041
41	HUILA	41298	GARZON	-75.6318081840118	2.1995844132606
41	HUILA	41306	GIGANTE	-75.5493736450665	2.3889038218896
41	HUILA	41319	GUADALUPE	-75.7610620413848	2.0278385914306
41	HUILA	41349	HOBO	-75.4535371542455	2.5852083238147
41	HUILA	41357	IQUIRA	-75.6385607269127	2.6527852012310
41	HUILA	41359	ISNOSl	-76.2190089814812	1.9330604821395
41	HUILA	41378	LA ARGENTINA	-75.9824550561144	2.2014326100193
41	HUILA	41396	LA PLATA	-75.8941415897962	2.3920783111013
41	HUILA	41483	NATAGA	-75.8125140032012	2.5487238080854
41	HUILA	41001	NEIVA	-75.2811460896044	2.9383212398176
41	HUILA	41503	OPORAPA	-75.9985209833770	2.0283886948314
41	HUILA	41518	PAICOL	-75.7766411672231	2.4520546211613
41	HUILA	41524	PALERMO	-75.4372051318128	2.8892505582520
41	HUILA	41530	PALESTINA	-76.1362917084637	1.7263434134735
41	HUILA	41551	PITALITO	-76.0288123271106	1.8600894443483
41	HUILA	41548	PITALl	-75.8081776566311	2.2696328343146
41	HUILA	41615	RIVERA	-75.2616354801461	2.7808057328444
41	HUILA	41660	SALADOBLANCO	-76.0483724177659	1.9960038034128
41	HUILA	41668	SAN AGUSTIN	-76.2733829337710	1.8828099263416
41	HUILA	41676	SANTA MARIA	-75.5892792837028	2.9420569797899
41	HUILA	41770	SUAZA	-75.7976591576370	1.9797496312681
41	HUILA	41791	TARQUI	-75.8270759609550	2.1145510362528
41	HUILA	41799	TELLO	-75.1422689870525	3.0701843720112
41	HUILA	41801	TERUEL	-75.5716998737175	2.7444901914949
41	HUILA	41797	TESALIA	-75.7307118751561	2.4888501474083
41	HUILA	41807	TIMANA	-75.9357969576561	1.9770915213303
41	HUILA	41872	VILLAVIEJA	-75.2213648774573	3.2219706109341
41	HUILA	41885	YAGUARA	-75.5209833997854	2.6670786630971
44	LA GUAJIRA	44035	ALBANIA	-78.7641600000000	1.6753430000000
44	LA GUAJIRA	44078	BARRANCAS	-72.7990606987919	10.9579415445667
44	LA GUAJIRA	44090	DIBULLA	-73.3125390129832	11.2752942761119
44	LA GUAJIRA	44098	DISTRACCION	-72.8900287054212	10.8995230347514
44	LA GUAJIRA	44110	EL MOLINO	-72.9250544695962	10.6550971415122
44	LA GUAJIRA	44279	FONSECA	-72.8555832748315	10.8899464606684
44	LA GUAJIRA	44378	HATONUEVO	-72.7635888259615	11.0703432322215
44	LA GUAJIRA	44420	LA JAGUA DEL PILAR	-73.0759312667869	10.5128844998660
44	LA GUAJIRA	44430	MAICAO	-72.2448947504713	11.3817871900555
44	LA GUAJIRA	44560	MANAURE	-72.4511070072320	11.7767403741309
44	LA GUAJIRA	44001	RIOHACHA	-72.9138366841280	11.5409948241880
44	LA GUAJIRA	44650	SAN JUAN DEL CESAR	-73.0058453326582	10.7729667430641
44	LA GUAJIRA	44847	URIBIA	-72.2679443243153	11.7187180571744
44	LA GUAJIRA	44855	URUMITA	-73.0166864291187	10.5623321787531
44	LA GUAJIRA	44874	VILLANUEVA	-72.9818021713244	10.6102242550376
47	MAGDALENA	47030	ALGARROBO	-74.0591316281360	10.2030508867575
47	MAGDALENA	47053	ARACATACA	-74.1915632005611	10.5947725235251
47	MAGDALENA	47058	ARIGUANI	-73.9918693566674	9.7631688525871
47	MAGDALENA	47161	CERRO SAN ANTONIO	-74.8724425777850	10.3297276188861
47	MAGDALENA	47170	CHIBOLO	-74.6285879199902	10.0309488599187
47	MAGDALENA	47189	CIENAGA	-74.2499866863709	11.0091559162994
47	MAGDALENA	47205	CONCORDIA	-74.8352194847011	10.2606206096096
47	MAGDALENA	47245	EL BANCO	-73.9770816692133	9.0072492013590
47	MAGDALENA	47258	EL PIÑON	-74.8274039159158	10.4065628273439
47	MAGDALENA	47268	EL RETEN	-74.2729802784988	10.6148511717093
47	MAGDALENA	47288	FUNDACION	-74.1926031234337	10.5209568444205
47	MAGDALENA	47318	GUAMAL	-74.2291290080793	9.1476100349570
47	MAGDALENA	47460	NUEVA GRANADA	-74.3930555555555	9.8016666666666
47	MAGDALENA	47541	PEDRAZA	-74.9199273784423	10.1912950139193
47	MAGDALENA	47545	PIJIÑO DEL CARMENd	-74.4569504379291	9.3332135187709
47	MAGDALENA	47551	PIVIJAY	-74.6189622753945	10.4650723917514
47	MAGDALENA	47555	PLATO	-74.7882223944568	9.7953072142471
47	MAGDALENA	47570	PUEBLOVIEJO	-74.2878931643194	10.9953337446084
47	MAGDALENA	47605	REMOLINO	-74.7201138792533	10.7056463050018
47	MAGDALENA	47660	SABANAS DE SAN ANGEL	-74.2177809350842	10.0346478993454
47	MAGDALENA	47675	SALAMINA	-74.7974507861657	10.4932708603133
47	MAGDALENA	47692	SAN SEBASTIAN DE BUENAVISTA	-74.3549899757025	9.2425523455993
47	MAGDALENA	47703	SAN ZENON	-74.5018617504931	9.2476734144494
47	MAGDALENA	47707	SANTA ANA	-74.5730872452375	9.3256943310300
47	MAGDALENA	47720	SANTA BARBARA DE PINTO	-74.7045010000000	9.4342450000000
47	MAGDALENA	47001	SANTA MARTA	-74.1938461519330	11.2392962966134
47	MAGDALENA	47745	SITIONUEVO	-74.7268632453381	10.7838485948546
47	MAGDALENA	47798	TENERIFE	-74.8618036345091	9.9014302390234
47	MAGDALENA	47960	ZAPAYAN	-74.7165390000000	10.1686400000000
47	MAGDALENA	47980	ZONA BANANERA	-74.1432016892604	10.7660373462965
50	META	50006	ACACIAS	-73.7693845092560	3.9939386334910
50	META	50110	BARRANCA DE UPIA	-72.9691694774348	4.5712250433238
50	META	50124	CABUYARO	-72.7964201560193	4.2876534556957
50	META	50150	CASTILLA LA NUEVA	-73.6927017101873	3.8303892272393
50	META	50223	CUBARRAL	-73.8423651496416	3.7970963443720
50	META	50226	CUMARAL	-73.4895671686761	4.2716763287433
50	META	50245	EL CALVARIO	-73.7167970280319	4.3551552623066
50	META	50251	EL CASTILLO	-73.7978597491981	3.5665790574996
50	META	50270	EL DORADO	-73.8384698783371	3.7422054769742
50	META	50287	FUENTE DE ORO	-73.6229662850906	3.4651074130305
50	META	50313	GRANADA	-73.7096817964582	3.5477663712063
50	META	50318	GUAMAL	-73.7741425471479	3.8823014779982
50	META	50350	LA MACARENA	-73.7903112438868	2.1850153081766
50	META	50400	LEJANIAS	-74.0281259988622	3.5289709731091
50	META	50325	MAPIRIPAN	-72.1367045804175	2.8949129688722
50	META	50330	MESETAS	-74.0477645607733	3.3851391090499
50	META	50450	PUERTO CONCORDIA	-72.7605333610000	2.6267003041013
50	META	50568	PUERTO GAITAN	-72.0864247950748	4.3149309955543
50	META	50577	PUERTO LLERAS	-73.3759788766923	3.2747874625042
50	META	50573	PUERTO LOPEZ	-72.9592998937868	4.0957245360490
50	META	50590	PUERTO RICO	-73.2109073329914	2.9445525006010
50	META	50606	RESTREPO	-73.5664647949650	4.2644404432603
50	META	50680	SAN CARLOS DE GUAROA	-73.2449642391152	3.7132627506369
50	META	50683	SAN JUAN DE ARAMA	-73.8784108173397	3.3752363265812
50	META	50686	SAN JUANITO	-73.6797221194165	4.4611119622652
50	META	50689	SAN MARTIN	-73.6993757372361	3.7045000473316
50	META	50370	URIBE	-74.3553753839615	3.2426295915550
50	META	50001	VILLAVICENCIO	-73.6244045796647	4.1345594930096
50	META	50711	VISTAHERMOSA	-73.7546845021572	3.1306146030645
52	NARIÑO	52019	ALBAN	-77.5697222222222	1.1052777777777
52	NARIÑO	52022	ALDANA	-77.7035929160869	0.8851233091640
52	NARIÑO	52036	ANCUYA	-77.5178334133039	1.2653216744278
52	NARIÑO	52051	ARBOLEDA	-77.1390787567954	1.5060515529241
52	NARIÑO	52079	BARBACOAS	-78.1397567116286	1.6769644609579
52	NARIÑO	52083	BELEN	-77.0195261127004	1.5985018720704
52	NARIÑO	52110	BUESACO	-77.1591041329668	1.3879706416042
52	NARIÑO	52240	CHACHAGUI	-77.2863608109544	1.3631622366404
52	NARIÑO	52203	COLON	-77.0190910000000	1.6424400000000
52	NARIÑO	52207	CONSACA	-77.4692442470424	1.2101199622503
52	NARIÑO	52210	CONTADERO	-77.5531561115417	0.9138398544106
52	NARIÑO	52215	CORDOBA	-77.5212017297707	0.8563922516827
52	NARIÑO	52224	CUASPUD	-77.7329123255153	0.8659257312421
52	NARIÑO	52227	CUMBAL	-77.7952760729587	0.9091384976981
52	NARIÑO	52233	CUMBITARA	-77.5816440838755	1.6505377120680
52	NARIÑO	52250	EL CHARCO	-78.1140281591485	2.4808907997321
52	NARIÑO	52254	EL PEÑOL	-77.4430583309831	1.4565009094218
52	NARIÑO	52256	EL ROSARIO	-77.3383626772360	1.7460651272314
52	NARIÑO	52258	EL TABLON DE GOMEZ	-77.1005836410706	1.4301548204847
52	NARIÑO	52260	EL TAMBO	-77.3951392061847	1.4110217208953
52	NARIÑO	52520	FRANCISCO PIZARRO	-78.6613843964665	2.0427640865968
52	NARIÑO	52287	FUNESl	-77.4526027952008	1.0039950527846
52	NARIÑO	52317	GUACHUCAL	-77.7348836125006	0.9632461383979
52	NARIÑO	52320	GUAITARILLA	-77.5530995059540	1.1335305689833
52	NARIÑO	52323	GUALMATAN	-77.5718336449747	0.9221614038855
52	NARIÑO	52352	ILES	-77.5246213205883	0.9713715972758
52	NARIÑO	52354	IMUES	-77.4997852740920	1.0580583614522
52	NARIÑO	52356	IPIALES	-77.6414717014348	0.8297149898029
52	NARIÑO	52378	LA CRUZ	-76.9745625006099	1.6034810141461
52	NARIÑO	52381	LA FLORIDA	-77.4088950528670	1.3015831268368
52	NARIÑO	52385	LA LLANADA	-77.5832162453138	1.4757908505062
52	NARIÑO	52390	LA TOLA	-78.1933881330950	2.4020893955592
52	NARIÑO	52399	LA UNION	-77.1338978298610	1.6018607085796
52	NARIÑO	52405	LEIVA	-77.3062789173087	1.9383506018267
52	NARIÑO	52411	LINARES	-77.5267744214683	1.3539968476617
52	NARIÑO	52418	LOS ANDES	-77.5243054120894	1.4970727146856
52	NARIÑO	52427	MAGUI	-78.1855074807454	1.8350367402887
52	NARIÑO	52435	MALLAMA	-77.8985717349866	1.1714697467859
52	NARIÑO	52473	MOSQUERA	-78.4545383852190	2.5120922066551
52	NARIÑO	52480	NARIÑO	-77.3575910000000	1.2887790000000
52	NARIÑO	52490	OLAYA HERRERA	-78.3299684676930	2.3513485349786
52	NARIÑO	52506	OSPINA	-77.5692946215217	1.0614047257116
52	NARIÑO	52001	PASTO	-77.2813401861804	1.2140153803825
52	NARIÑO	52540	POLICARPA	-77.4631636171883	1.6313587050725
52	NARIÑO	52560	POTOSI	-77.5757475975933	0.8096231775067
52	NARIÑO	52565	PROVIDENCIA	-77.6006924286663	1.2419985522335
52	NARIÑO	52573	PUERRES	-77.5075312716175	0.8880268595512
52	NARIÑO	52585	PUPIALES	-77.6400433234287	0.8735369745759
52	NARIÑO	52612	RICAURTE	-77.9993200621216	1.2160474343335
52	NARIÑO	52621	ROBERTO PAYAN	-78.2478599216432	1.6998626828607
52	NARIÑO	52678	SAMANIEGO	-77.5953126321033	1.3367903203154
52	NARIÑO	52685	SAN BERNARDO	-77.0503246151937	1.5172543906557
52	NARIÑO	52687	SAN LORENZO	-77.2186313814031	1.5060185797126
52	NARIÑO	52693	SAN PABLO	-77.0159652117426	1.6720143174298
52	NARIÑO	52694	SAN PEDRO DE CARTAGO	-77.1233155077200	1.5553534813271
52	NARIÑO	52683	SANDONA	-77.4749107409044	1.2868784558850
52	NARIÑO	52696	SANTA BARBARA	-78.1955388888888	2.5359305555555
52	NARIÑO	52699	SANTACRUZ	-77.6648692496496	1.2606393900672
52	NARIÑO	52720	SAPUYES	-77.6241987436748	1.0405874180829
52	NARIÑO	52786	TAMINANGO	-77.2839703073629	1.5729837647057
52	NARIÑO	52788	TANGUA	-77.3976675569167	1.0974059111509
52	NARIÑO	52835	TUMACO	-78.7666527777778	1.8086305555556
52	NARIÑO	52838	TUQUERRES	-77.6210740763209	1.0895126889701
52	NARIÑO	52885	YACUANQUER	-77.4050436979912	1.1187488454824
54	NORTE DE SANTANDER	54003	ABREGO	-73.2247321598535	8.0835440210581
54	NORTE DE SANTANDER	54051	ARBOLEDAS	-72.8020060626455	7.6458945909319
54	NORTE DE SANTANDER	54099	BOCHALEMA	-72.6506342363981	7.6141913113142
54	NORTE DE SANTANDER	54109	BUCARASICA	-72.8704212853664	8.0423091876683
54	NORTE DE SANTANDER	54128	CACHIRA	-73.0519880325333	7.7447238495519
54	NORTE DE SANTANDER	54125	CACOTA	-72.6456734996853	7.2714237755181
54	NORTE DE SANTANDER	54172	CHINACOTA	-72.6055704428233	7.6049006224191
54	NORTE DE SANTANDER	54174	CHITAGA	-72.6683036400775	7.1412606722712
54	NORTE DE SANTANDER	54206	CONVENCION	-73.3407586293270	8.4719907832965
54	NORTE DE SANTANDER	54001	CUCUTA	-72.5081668946975	7.9068211128037
54	NORTE DE SANTANDER	54223	CUCUTILLA	-72.7758742926341	7.5423102936685
54	NORTE DE SANTANDER	54239	DURANIA	-72.6607717972453	7.7174829678315
54	NORTE DE SANTANDER	54245	EL CARMEN	-73.4502663582159	8.5136213152897
54	NORTE DE SANTANDER	54250	EL TARRA	-73.1059892517832	8.5759475421479
54	NORTE DE SANTANDER	54261	EL ZULIA	-72.6075412099497	7.9408359184840
54	NORTE DE SANTANDER	54313	GRAMALOTE	-72.8005394901475	7.8903680216130
54	NORTE DE SANTANDER	54344	HACARI	-73.1493548848837	8.3244448124145
54	NORTE DE SANTANDER	54347	HERRAN	-72.4866719849516	7.5090511610759
54	NORTE DE SANTANDER	54385	LA ESPERANZA	-73.3314891978930	7.6420512834152
54	NORTE DE SANTANDER	54398	LA PLAYA	-73.2412343393676	8.2169472089390
54	NORTE DE SANTANDER	54377	LABATECA	-72.4995612800266	7.3012602708992
54	NORTE DE SANTANDER	54405	LOS PATIOS	-72.5093961702099	7.8370474728556
54	NORTE DE SANTANDER	54418	LOURDES	-72.8355641001002	7.9476973314483
54	NORTE DE SANTANDER	54480	MUTISCUA	-72.7502466229014	7.3030055905942
54	NORTE DE SANTANDER	54498	OCAÑA	-73.3581940918811	8.2464512402244
54	NORTE DE SANTANDER	54518	PAMPLONA	-72.6523101132752	7.3767520721424
54	NORTE DE SANTANDER	54520	PAMPLONITA	-72.6417859448900	7.4396297581347
54	NORTE DE SANTANDER	54553	PUERTO SANTANDER	-72.4120974086551	8.3644100540293
54	NORTE DE SANTANDER	54599	RAGONVALIA	-72.4791076770286	7.5805282270935
54	NORTE DE SANTANDER	54660	SALAZAR	-72.8132553135955	7.7755305351039
54	NORTE DE SANTANDER	54670	SAN CALIXTO	-73.2121571338435	8.4041428431465
54	NORTE DE SANTANDER	54673	SAN CAYETANO	-72.6278891060999	7.8803697191646
54	NORTE DE SANTANDER	54680	SANTIAGO	-72.7208024113344	7.8672218434330
54	NORTE DE SANTANDER	54720	SARDINATA	-72.8035599477337	8.0871006246444
54	NORTE DE SANTANDER	54743	SILOS	-72.7602279190904	7.2074240228142
54	NORTE DE SANTANDER	54800	TEORAMA	-73.2905187987097	8.4401008029404
54	NORTE DE SANTANDER	54810	TIBU	-72.7394249479787	8.6425876967960
54	NORTE DE SANTANDER	54820	TOLEDO	-72.4857325026378	7.3107884551383
54	NORTE DE SANTANDER	54871	VILLA CARO	-72.9764183462645	7.9172346421902
54	NORTE DE SANTANDER	54874	VILLA DEL ROSARIO	-72.4742551924820	7.8439240257876
86	PUTUMAYO	86219	COLON	-76.9757924588583	1.1924335043807
86	PUTUMAYO	86573	LEGUIZAMO	-74.7867936442662	-0.1827979041843
86	PUTUMAYO	86001	MOCOA	-76.6532547620495	1.1532306359536
86	PUTUMAYO	86320	ORITO	-76.8838609310776	0.6804167053233
86	PUTUMAYO	86568	PUERTO ASIS	-76.5024457046651	0.5044935237712
86	PUTUMAYO	86569	PUERTO CAICEDO	-76.6077250678305	0.6870651149792
86	PUTUMAYO	86571	PUERTO GUZMAN	-76.4112961744867	0.9663944665217
86	PUTUMAYO	86755	SAN FRANCISCO	-76.8791433681781	1.1796026058198
86	PUTUMAYO	86757	SAN MIGUEL	-76.9334810679783	0.2793859495147
86	PUTUMAYO	86760	SANTIAGO	-77.0057785813780	1.1496401120161
86	PUTUMAYO	86749	SIBUNDOY	-76.9242470855898	1.2060459485460
86	PUTUMAYO	86865	VALLE DEL GUAMUEZ	-76.9079947755103	0.4262607839798
86	PUTUMAYO	86885	VILLAGARZON	-76.6200540107293	1.0327613144016
63	QUINDIO	63001	ARMENIA	-75.6866237569479	4.5376997570659
63	QUINDIO	63111	BUENAVISTA	-75.7436773804155	4.3614776660823
63	QUINDIO	63130	CALARCA	-75.6479388596143	4.5265304408924
63	QUINDIO	63190	CIRCASIA	-75.6393823073011	4.6199274559957
63	QUINDIO	63212	CORDOBA	-75.6902991370471	4.3945207448281
63	QUINDIO	63272	FILANDIA	-75.6613931598432	4.6778795592746
63	QUINDIO	63302	GENOVA	-75.7933628316799	4.2094311053588
63	QUINDIO	63401	LA TEBAIDA	-75.7926513145559	4.4562382367286
63	QUINDIO	63470	MONTENEGRO	-75.7540637568984	4.5692571219522
63	QUINDIO	63548	PIJAO	-75.7064435864793	4.3374984667623
63	QUINDIO	63594	QUIMBAYA	-75.7672052603091	4.6265363207971
63	QUINDIO	63690	SALENTO	-75.5739616426725	4.6403839017710
66	RISARALDA	66045	APIA	-75.9449840356531	5.1092335620531
66	RISARALDA	66075	BALBOA	-75.9616080348681	4.9526473815295
66	RISARALDA	66088	BELEN DE UMBRIA	-75.8720736603555	5.2040344505511
66	RISARALDA	66170	DOSQUEBRADAS	-75.6778768723750	4.8378547514226
66	RISARALDA	66318	GUATICA	-75.8027999644014	5.3186209084542
66	RISARALDA	66383	LA CELIA	-76.0065485386175	5.0061837065427
66	RISARALDA	66400	LA VIRGINIA	-75.8822058167129	4.9039191999243
66	RISARALDA	66440	MARSELLA	-75.7421670552855	4.9401395435891
66	RISARALDA	66456	MISTRATO	-75.8855169983849	5.3003191451767
66	RISARALDA	66001	PEREIRA	-75.7201285595284	4.8100785282004
66	RISARALDA	66572	PUEBLO RICO	-76.0341836763225	5.2248595923943
66	RISARALDA	66594	QUINCHIA	-75.7339635178911	5.3435095056924
66	RISARALDA	66682	SANTA ROSA DE CABAL	-75.6277449148782	4.8804741845975
66	RISARALDA	66687	SANTUARIO	-75.9675610508297	5.0774598350292
88	SAN ANDRES	88564	PROVIDENCIA	-81.3732957515253	13.3772691770502
88	SAN ANDRES	88001	SAN ANDRES	-81.7101124066321	12.5827342999562
68	SANTANDER	68013	AGUADA	-73.5258258754109	6.1645776790031
68	SANTANDER	68020	ALBANIA	-73.9175686732065	5.7618525356165
68	SANTANDER	68051	ARATOCA	-73.0212231238528	6.6969434388295
68	SANTANDER	68077	BARBOSA	-73.6189244279586	5.9356671541458
68	SANTANDER	68079	BARICHARA	-73.2269176725303	6.6382140882689
68	SANTANDER	68081	BARRANCABERMEJA	-73.8531699166036	7.0672519823423
68	SANTANDER	68092	BETULIA	-73.2872734318888	6.9025990273719
68	SANTANDER	68101	BOLIVAR	-73.7749538803479	5.9888261117449
68	SANTANDER	68001	BUCARAMANGA	-73.1358739213423	7.1181171223969
68	SANTANDER	68121	CABRERA	-73.2499272219262	6.5943746776979
68	SANTANDER	68132	CALIFORNIA	-72.9492527148544	7.3509202003865
68	SANTANDER	68147	CAPITANEJO	-72.6988449836277	6.5301880452906
68	SANTANDER	68152	CARCASI	-72.6300760552017	6.6293542593762
68	SANTANDER	68160	CEPITA	-72.9781096790710	6.7563031008427
68	SANTANDER	68162	CERRITO	-72.6987627981167	6.8443202208756
68	SANTANDER	68167	CHARALAa	-73.1502819348390	6.2893387130392
68	SANTANDER	68169	CHARTA	-72.9716902628870	7.2836278425253
68	SANTANDER	68176	CHIMAl	-73.3763431492587	6.3446892315101
68	SANTANDER	68179	CHIPATA	-73.6408914358623	6.0645110084790
68	SANTANDER	68190	CIMITARRA	-73.9531067914803	6.3173734736749
68	SANTANDER	68207	CONCEPCION	-72.6977618781209	6.7718645039122
68	SANTANDER	68209	CONFINES	-73.2453023945723	6.3592269181299
68	SANTANDER	68211	CONTRATACION	-73.4781423424921	6.2934230268720
68	SANTANDER	68217	COROMORO	-73.0441605728431	6.2984679893985
68	SANTANDER	68229	CURITI	-73.0723797093845	6.6079609209979
68	SANTANDER	68418	LOS SANTOS	-73.1052768296760	6.7587359508730
68	SANTANDER	68425	MACARAVITA	-72.5967500958765	6.5096103474990
68	SANTANDER	68432	MALAGA	-72.7329028541297	6.7053892020706
68	SANTANDER	68444	MATANZA	-73.0196411193018	7.3256918960771
68	SANTANDER	68464	MOGOTES	-72.9742473630638	6.4777381949187
68	SANTANDER	68468	MOLAGAVITA	-72.8124770233256	6.6768394696021
68	SANTANDER	68498	OCAMONTE	-73.1257895273444	6.3429213433795
68	SANTANDER	68500	OIBA	-73.3038587602508	6.2704392891118
68	SANTANDER	68502	ONZAGA	-72.8159384538819	6.3467365998712
68	SANTANDER	68522	PALMAR	-73.2946546719907	6.5411129546891
68	SANTANDER	68524	PALMAS DEL SOCORRO	-73.2916482803158	6.4088837009822
68	SANTANDER	68533	PARAMO	-73.1737345062580	6.4195779719121
68	SANTANDER	68547	PIEDECUESTA	-73.0567576295662	6.9955359728958
68	SANTANDER	68549	PINCHOTE	-73.1763316184837	6.5355472675498
68	SANTANDER	68572	PUENTE NACIONAL	-73.6808697629382	5.8805973795583
68	SANTANDER	68573	PUERTO PARRA	-74.0598735520363	6.6543337956595
68	SANTANDER	68575	PUERTO WILCHES	-73.9034104870775	7.3485844815974
68	SANTANDER	68615	RIONEGRO	-73.1537386479862	7.2674591661385
68	SANTANDER	68655	SABANA DE TORRES	-73.5033341790368	7.3967655338888
68	SANTANDER	68669	SAN ANDRES	-72.8523231202869	6.8153774152374
68	SANTANDER	68673	SAN BENITO	-73.5130374652573	6.1293852334634
68	SANTANDER	68679	SAN GIL	-73.1380910621653	6.5582585184671
68	SANTANDER	68682	SAN JOAQUIN	-72.8711145506840	6.4304271136226
68	SANTANDER	68684	SAN JOSE DE MIRANDA	-72.7369350228015	6.6614521001418
68	SANTANDER	68686	SAN MIGUEL	-72.6494407754282	6.5795167773195
68	SANTANDER	68689	SAN VICENTE DE CHUCURI	-73.4151237122006	6.8815641472240
68	SANTANDER	68705	SANTA BARBARA	-72.9103059913140	6.9933412695996
68	SANTANDER	68720	SANTA HELENA DEL OPONl	-73.6198029239623	6.3416314438755
68	SANTANDER	68745	SIMACOTA	-73.3408670678983	6.4463435477653
68	SANTANDER	68755	SOCORRO	-73.2660689103949	6.4698566798300
68	SANTANDER	68770	SUAITA	-73.4463224897246	6.1012860235535
68	SANTANDER	68773	SUCRE	-73.7948698448911	5.9212377687848
68	SANTANDER	68780	SURATA	-72.9876051946344	7.3695858200173
68	SANTANDER	68820	TONA	-72.9698371442213	7.2048929259538
68	SANTANDER	68855	VALLE DE SAN JOSE	-73.1472166104870	6.4509514853256
68	SANTANDER	68861	VELEZ	-73.6762757027031	6.0117398817382
68	SANTANDER	68867	VETAS	-72.8744461294626	7.3123028407403
68	SANTANDER	68872	VILLANUEVA	-73.1778031561796	6.6718263423215
68	SANTANDER	68895	ZAPATOCA	-73.2750754632290	6.8165244509592
70	SUCRE	70110	BUENAVISTA	-74.9773564216401	9.3224610540607
70	SUCRE	70124	CAIMITO	-75.1193893646945	8.7917968433061
70	SUCRE	70230	CHALAN	-75.3162974815645	9.5486944201471
70	SUCRE	70204	COLOSO	-75.3596630224536	9.4937393682193
70	SUCRE	70215	COROZAL	-75.2981314535914	9.3220227721442
70	SUCRE	70221	COVEÑAS	-75.6863880000000	9.4053710000000
70	SUCRE	70233	EL ROBLE	-75.1950500000000	9.1032861111111
70	SUCRE	70235	GALERAS	-74.9869633186371	9.0774998739106
70	SUCRE	70265	GUARANDA	-74.5400389364241	8.4708753737776
70	SUCRE	70400	LA UNION	-75.2859519843881	8.8563923278616
70	SUCRE	70418	LOS PALMITOS	-75.2715479548124	9.3829887382941
70	SUCRE	70429	MAJAGUAL	-74.6318381439391	8.5444250816413
70	SUCRE	70473	MORROA	-75.3107877097135	9.3349000990662
70	SUCRE	70508	OVEJAS	-75.2320342542968	9.5283839819048
70	SUCRE	70523	PALMITO	-75.5449121405490	9.3360247751830
70	SUCRE	70670	SAMPUES	-75.3825569170707	9.1849099947955
70	SUCRE	70678	SAN BENITO ABAD	-75.0344351645823	8.9322910276875
70	SUCRE	70702	SAN JUAN DE BETULIA	-75.2464028054848	9.2770135109762
70	SUCRE	70708	SAN MARCOS	-75.1341691467497	8.6646557008403
70	SUCRE	70713	SAN ONOFRE	-75.5283823559592	9.7392941562654
70	SUCRE	70717	SAN PEDRO	-75.0672778184582	9.3989831659887
70	SUCRE	70820	SANTIAGO DE TOLU	-75.5844381174430	9.5286604351281
70	SUCRE	70742	SINCE	-75.1505026361660	9.2475133585531
70	SUCRE	70001	SINCELEJO	-75.4000757491383	9.3010497100616
70	SUCRE	70771	SUCRE	-74.7262438596842	8.8166621541567
70	SUCRE	70823	TOLUVIEJO	-75.4427005381466	9.4562865310134
73	TOLIMA	73024	ALPUJARRA	-74.9359492662694	3.3945004119056
73	TOLIMA	73026	ALVARADO	-74.9572079020794	4.5700122207690
73	TOLIMA	73030	AMBALEMA	-74.7677492935119	4.7864259347252
73	TOLIMA	73043	ANZOATEGUI	-75.0974696657990	4.6345123883246
73	TOLIMA	73055	ARMERO	-74.8882521789555	5.0342588368953
73	TOLIMA	73067	ATACO	-75.3848917542413	3.5938211988469
73	TOLIMA	73124	CAJAMARCA	-75.4321649949658	4.4430589591627
73	TOLIMA	73148	CARMEN DE APICALA	-74.7205734555010	4.1534569895794
73	TOLIMA	73152	CASABIANCA	-75.1236870795810	5.0814933446690
73	TOLIMA	73168	CHAPARRAL	-75.4853042861677	3.7271993378837
73	TOLIMA	73200	COELLO	-74.9014292266887	4.2893116441093
73	TOLIMA	73217	COYAIMA	-75.1979972960643	3.8015252229898
73	TOLIMA	73226	CUNDAY	-74.6960430734093	4.0627321828584
73	TOLIMA	73236	DOLORES	-74.9001483215792	3.5420120710053
73	TOLIMA	73268	ESPINAL	-74.8886990051552	4.1536617100156
73	TOLIMA	73270	FALAN	-74.9553620068087	5.1232502559650
73	TOLIMA	73275	FLANDES	-74.8173844871021	4.2850663094653
73	TOLIMA	73283	FRESNO	-75.0395888680174	5.1564116802122
73	TOLIMA	73319	GUAMO	-74.9746764506099	4.0325705023232
73	TOLIMA	73347	HERVEO	-75.1814564714833	5.0827789583455
73	TOLIMA	73349	HONDA	-74.7633197814478	5.2147116912209
73	TOLIMA	73001	IBAGUE	-75.1911627023979	4.4308364766251
73	TOLIMA	73352	ICONONZO	-74.5353307374880	4.1791842714519
73	TOLIMA	73408	LERIDA	-74.9151020446830	4.8637094402728
73	TOLIMA	73411	LIBANO	-75.0651602691309	4.9231740384876
73	TOLIMA	73443	MARIQUITA	-74.8925803943562	5.2031310752120
73	TOLIMA	73449	MELGAR	-74.6485494440016	4.2068932460101
76	VALLE DEL CAUCA	76054	ARGELIA	-76.1249136841138	4.7298535287133
76	VALLE DEL CAUCA	76100	BOLIVAR	-76.1882163172961	4.3415135124000
76	VALLE DEL CAUCA	76109	BUENAVENTURA	-77.0161577898310	3.8794806147503
76	VALLE DEL CAUCA	76113	BUGALAGRANDE	-76.1597366316922	4.2122059575606
76	VALLE DEL CAUCA	76122	CAICEDONIA	-75.8341572943763	4.3378802568267
76	VALLE DEL CAUCA	76001	CALI	-76.5277842648259	3.4212905882062
76	VALLE DEL CAUCA	76126	CALIMA	-76.4893644337890	3.9344625984370
76	VALLE DEL CAUCA	76130	CANDELARIA	-76.3522630555792	3.4155655308460
76	VALLE DEL CAUCA	76147	CARTAGO	-75.9261493422115	4.7512757672054
76	VALLE DEL CAUCA	76233	DAGUA	-76.6927723993071	3.6597568962076
76	VALLE DEL CAUCA	76243	EL AGUILA	-76.0451686173891	4.9118603416270
76	VALLE DEL CAUCA	76246	EL CAIRO	-76.2249639323312	4.7639466508029
76	VALLE DEL CAUCA	76248	EL CERRITO	-76.3150785767669	3.6872574419642
76	VALLE DEL CAUCA	76250	EL DOVIO	-76.2405138868636	4.5120494735011
76	VALLE DEL CAUCA	76275	FLORIDA	-76.2401973849533	3.3245232767076
76	VALLE DEL CAUCA	76306	GINEBRA	-76.2716836000519	3.7278815642227
76	VALLE DEL CAUCA	76318	GUACARI	-76.3369955978735	3.7645562991090
76	VALLE DEL CAUCA	76111	GUADALAJARA DE BUGA	-76.3038074046078	3.9017237148066
76	VALLE DEL CAUCA	76364	JAMUNDI	-76.5426869729010	3.2654270569616
76	VALLE DEL CAUCA	76377	LA CUMBRE	-76.5717647703497	3.6523586415641
76	VALLE DEL CAUCA	76400	LA UNION	-76.1070697404936	4.5372194739022
76	VALLE DEL CAUCA	76403	LA VICTORIA	-76.0396882597005	4.5272983155315
76	VALLE DEL CAUCA	76497	OBANDO	-75.9765348101816	4.5777672537135
76	VALLE DEL CAUCA	76520	PALMIRA	-76.3021413258378	3.5372989574406
76	VALLE DEL CAUCA	76563	PRADERA	-76.2441947014544	3.4219713517157
76	VALLE DEL CAUCA	76606	RESTREPO	-76.5241625954121	3.8258920369693
76	VALLE DEL CAUCA	76616	RIOFRIO	-76.2915981779660	4.1595107841015
76	VALLE DEL CAUCA	76622	ROLDANILLO	-76.1555456348531	4.4160220776824
76	VALLE DEL CAUCA	76670	SAN PEDRO	-76.2319475333330	3.9796992818632
76	VALLE DEL CAUCA	76736	SEVILLA	-75.9353777691872	4.2731287864778
76	VALLE DEL CAUCA	76823	TORO	-76.0814775094131	4.6117846169295
76	VALLE DEL CAUCA	76828	TRUJILLO	-76.3220125325678	4.2150856920093
76	VALLE DEL CAUCA	76834	TULUA	-76.1996655047908	4.0895540646932
76	VALLE DEL CAUCA	76845	ULLOA	-75.7421217002236	4.7056796767240
76	VALLE DEL CAUCA	76863	VERSALLES	-76.2028621971380	4.5781608624198
76	VALLE DEL CAUCA	76869	VIJES	-76.4451978773858	3.7020584256750
76	VALLE DEL CAUCA	76890	YOTOCO	-76.3863703607043	3.8634868703206
76	VALLE DEL CAUCA	76892	YUMBO	-76.5018682850848	3.5421788262496
76	VALLE DEL CAUCA	76895	ZARZAL	-76.0747105956984	4.3933476594569
97	VAUPES	97161	CARURU	-71.2993060011755	1.0150133377467
97	VAUPES	97001	MITU	-70.2371286692305	1.2569743293047
97	VAUPES	97511	PACOA	-71.2219444444444	0.0550000000000
97	VAUPES	97777	PAPUNAUA	-70.6096520000000	1.9104940000000
97	VAUPES	97666	TARAIRA	-69.6375552132100	-0.5617615771194
97	VAUPES	97889	YAVARATE	-70.7500120000000	1.1166560000000
99	VICHADA	99773	CUMARIBO	-69.8020811635056	4.4474144736799
99	VICHADA	99524	LA PRIMAVERA	-70.4165423225494	5.4941191676934
99	VICHADA	99001	PUERTO CARREÑO	-67.4918482228002	6.1868101601814
99	VICHADA	99624	SANTA ROSALIA	-70.8664427237390	5.1386048213362
